,Vcmax_m_25,Rdarka_25C_FixedQ10,Predicted Link,Species,Source Scientific,Destination Scientific
0,,0.15,0,Piper sancti-felicis,Lupinus perennis,Claytonia perfoliata
1,719.7,0.38,1,Pentaclethra macroloba,Lupinus perennis,Claytonia perfoliata
2,,0.45,0,Bischofia javanica,Lupinus perennis,Claytonia perfoliata
3,493.0,0.37,1,Acer saccharum,Lupinus perennis,Claytonia perfoliata
4,1013.5,0.39,1,Acer platanoides,Lupinus perennis,Dudleya caespitosa
5,588.2,0.34,1,Acer saccharum,Lupinus perennis,Ixeris stolonifera
6,,0.66,0,Quercus velutina,Lupinus perennis,Lactuca biennis
7,459.7,0.46,1,Alchornea triplinervia,Lupinus perennis,Lactuca canadensis
8,552.4,0.59,1,Uncaria tomentosa,Lupinus perennis,Lactuca L.
9,,,1,Pinus banksiana,Lupinus perennis,Lactuca floridana
10,145.6,1.28,1,Caraipa punctulata,Lupinus perennis,Lactuca floridana
11,391.8,1.5,1,Cespedesia spathulata,Lupinus perennis,Lactuca floridana
12,221.1,2.21,1,Chaunochiton kappleri,Lupinus perennis,Lactuca graminifolia
13,240.1,1.08,1,Dipteryx micrantha,Lupinus perennis,Lactuca graminifolia
14,88.0,1.49,1,Guatteria schomburgkiana,Lupinus perennis,Lactuca graminifolia
15,164.5,1.61,1,Hevea pauciflora,Lupinus perennis,Lactuca hirsuta
16,248.1,0.45,1,Inga striata,Lupinus perennis,Lactuca hirsuta
17,200.4,1.57,1,Iryanthera lancifolia,Lupinus perennis,Lactuca hirsuta
18,,0.84,0,Licania arachnoidea,Lupinus perennis,Lactuca hirsuta
19,216.3,0.96,1,Minquartia guianensis,Lupinus perennis,Lactuca indica
20,490.6,0.91,1,Pourouma guianensis subsp guianensis,Lupinus perennis,Lactuca ludoviciana
21,257.8,1.18,1,Pouteria subrotata,Lupinus perennis,Lactuca ×morssii
22,260.1,1.22,1,Ruptiliocarpon caracolito,Lupinus perennis,Lactuca saligna
23,53.4,0.74,1,Senefeldera inclinata,Lupinus perennis,Lactuca sativa
24,71.4,1.12,1,Solanum kioniotrichum,Lupinus perennis,Lactuca serriola
25,128.4,0.87,1,Swartzia polyphylla,Lupinus perennis,Lactuca tatarica
26,108.4,1.4,1,Taralea oppositifolia,Lupinus perennis,Lactuca tatarica
27,180.3,0.76,1,Aniba perutilis,Lupinus perennis,Lactuca virosa
28,188.9,2.15,1,Aspidosperma desmanthum,Lupinus perennis,Montia bostockii
29,182.1,1.42,1,Aspidosperma excelsum,Lupinus perennis,Montia chamissoi
30,121.5,1.35,1,Brosimum potabile,Lupinus perennis,Montia dichotoma
31,95.0,1.04,1,Calyptranthes bipennis,Lupinus perennis,Montia diffusa
32,404.9,0.5,1,Diplotropis sp,Lupinus perennis,Montia fontana
33,55.4,1.56,1,Emmotum floribundum,Lupinus perennis,Montia howellii
34,140.5,1.21,1,Guatteria decurrens,Lupinus perennis,Montia linearis
35,120.5,1.17,1,Humiria balsamifera,Lupinus perennis,Montia L.
36,67.5,2.05,1,Hymenolobium nitidum,Lupinus perennis,Montia parvifolia
37,136.2,3.56,1,Licania unguiculata,Lupinus perennis,Montia parvifolia
38,161.7,1.32,1,Macrolobium microcalyx,Lupinus perennis,Montia parvifolia
39,207.0,0.6,1,Micrandra elata,Lupinus perennis,Mycelis muralis
40,203.7,0.37,1,Micrandra spruceana,Lupinus perennis,Ottelia alismoides
41,131.7,0.55,1,Ocotea aciphylla,Lupinus perennis,Pinaropappus Less.
42,50.1,0.92,1,Ocotea myriantha,Lupinus perennis,Pinaropappus parvus
43,137.8,1.74,1,Pouteria oblanceolata,Lupinus perennis,Pinaropappus roseus
44,247.3,0.96,1,Roucheria schomburgkii,Lupinus perennis,Pinaropappus roseus
45,157.7,1.34,1,Simarouba amara,Lupinus perennis,Pinaropappus roseus
46,,0.88,0,Tachigali bracteosa,Lupinus perennis,Pistia stratiotes
47,191.5,1.21,1,Tapirira guianensis,Lupinus perennis,Saxifraga micranthidifolia
48,250.5,1.64,1,Virola pavonis,Lupinus perennis,Stephanomeria blairii
49,123.2,1.14,1,Caraipa utilis,Lupinus perennis,Stephanomeria cichoriacea
50,166.8,1.05,1,Chrysophyllum sanguinolentum,Lupinus perennis,Stephanomeria diegensis
51,35.1,0.86,1,Cupania diphylla,Lupinus perennis,Stephanomeria elata
52,172.3,0.73,1,Cybianthus nestorii,Lupinus perennis,Stephanomeria Nutt.
53,128.7,1.11,1,Dendropanax resinosus,Lupinus perennis,Stephanomeria exigua
54,226.5,1.25,1,Dicymbe uaiparuensis,Lupinus perennis,Stephanomeria exigua
55,54.5,1.34,1,Emmotum floribundum,Lupinus perennis,Stephanomeria exigua
56,220.8,1.3,1,Emmotum sp,Lupinus perennis,Stephanomeria exigua
57,97.5,0.93,1,Eugenia macrocalyx,Lupinus perennis,Stephanomeria exigua
58,159.1,1.59,1,Hevea pauciflora,Lupinus perennis,Stephanomeria exigua
59,497.2,0.82,1,Jacqueshuberia loretensis,Lupinus perennis,Stephanomeria fluminea
60,192.8,0.83,1,Sloanea robusta,Lupinus perennis,Stephanomeria lactucina
61,196.8,1.44,1,Virola pavonis,Lupinus perennis,Stephanomeria malheurensis
62,126.5,0.81,1,Williamodendron spectabile,Lupinus perennis,Stephanomeria minor
63,142.6,1.42,1,Quercus ilex,Lupinus perennis,Stephanomeria minor
64,143.3,1.21,1,Quercus ilex,Lupinus perennis,Stephanomeria minor
65,344.6,0.66,1,Barkyla syringifolia,Lupinus perennis,Stephanomeria minor
66,1421.7,2.26,1,Eucalyptus accedens,Lupinus perennis,Stephanomeria paniculata
67,296.5,0.94,1,Goodenia ovata,Lupinus perennis,Stephanomeria parryi
68,174.1,0.74,1,Hakea marginata,Lupinus perennis,Stephanomeria pauciflora
69,211.9,0.39,1,Persoonia procumbens,Lupinus perennis,Stephanomeria runcinata
70,653.3,1.03,1,Acer rubrum,Lupinus perennis,Stephanomeria schottii
71,404.4,0.66,1,Acer saccharum,Lupinus perennis,Stephanomeria thurberi
72,923.8,1.3,1,Betula papyrifera,Lupinus perennis,Stephanomeria virgata
73,805.2,1.63,1,Populus tremuloides,Lupinus perennis,Stephanomeria virgata
74,1080.4,1.16,1,Quercus macrocarpa,Lupinus perennis,Stephanomeria virgata
75,954.2,1.11,1,Quercus rubra,Lupinus perennis,Stephanomeria wrightii
76,1015.2,1.05,1,Rhamnus cathartica,Lupinus perennis,Ulva clathratioides
77,707.2,1.35,1,Acer rubrum,Lupinus perennis,Ulva pertusa
78,369.6,0.84,1,Acer saccharum,Lupinus perennis,Ulva L.
79,1108.4,2.08,1,Betula papyrifera,Lupinus perennis,Claytonia perfoliata
80,1086.0,1.9,1,Populus tremuloides,Lupinus perennis,Claytonia perfoliata
81,992.4,1.48,1,Quercus macrocarpa,Lupinus perennis,Claytonia perfoliata
82,860.9,1.35,1,Quercus rubra,Lupinus perennis,Claytonia perfoliata
83,1128.8,0.93,1,Rhamnus cathartica,Lupinus perennis,Dudleya caespitosa
84,400.0,0.53,1,Abies balsamea,Lupinus perennis,Ixeris stolonifera
85,483.5,0.72,1,Acer rubrum,Lupinus perennis,Lactuca biennis
86,588.1,0.53,1,Acer saccharum,Lupinus perennis,Lactuca canadensis
87,972.8,0.92,1,Betula papyrifera,Lupinus perennis,Lactuca L.
88,370.4,0.37,1,Picea glauca,Lupinus perennis,Lactuca floridana
89,360.3,0.78,1,Pinus balsamea,Lupinus perennis,Lactuca floridana
90,291.9,0.4,1,Pinus strobus,Lupinus perennis,Lactuca floridana
91,794.2,1.14,1,Populus tremuloides,Lupinus perennis,Lactuca graminifolia
92,952.0,0.62,1,Quercus macrocarpa,Lupinus perennis,Lactuca graminifolia
93,844.2,0.73,1,Quercus rubra,Lupinus perennis,Lactuca graminifolia
94,1042.2,0.86,1,Rhamnus cathartica,Lupinus perennis,Lactuca hirsuta
95,529.9,0.54,1,Abies balsamea,Lupinus perennis,Lactuca hirsuta
96,603.7,1.04,1,Acer rubrum,Lupinus perennis,Lactuca hirsuta
97,420.6,0.7,1,Acer saccharum,Lupinus perennis,Lactuca hirsuta
98,894.2,1.51,1,Betula papyrifera,Lupinus perennis,Lactuca indica
99,471.6,0.77,1,Picea glauca,Lupinus perennis,Lactuca ludoviciana
100,369.7,1.22,1,Pinus balsamea,Lupinus perennis,Lactuca ×morssii
101,380.7,0.47,1,Pinus strobus,Lupinus perennis,Lactuca saligna
102,823.6,1.81,1,Populus tremuloides,Lupinus perennis,Lactuca sativa
103,1036.5,1.19,1,Quercus macrocarpa,Lupinus perennis,Lactuca serriola
104,872.4,1.49,1,Quercus rubra,Lupinus perennis,Lactuca tatarica
105,927.9,1.03,1,Rhamnus cathartica,Lupinus perennis,Lactuca tatarica
106,,1.67,0,Acer rubrum,Lupinus perennis,Lactuca virosa
107,,2.04,0,Quercus prinus,Lupinus perennis,Montia bostockii
108,,1.9,0,Quercus rubra,Lupinus perennis,Montia chamissoi
109,,1.67,0,Acer rubrum,Lupinus perennis,Montia dichotoma
110,,1.8,0,Quercus prinus,Lupinus perennis,Montia diffusa
111,,1.56,0,Quercus rubra,Lupinus perennis,Montia fontana
112,258.0,1.88,1,Beyeria opaca ,Lupinus perennis,Montia howellii
113,438.0,1.6,1,Dodonaea angustissima,Lupinus perennis,Montia linearis
114,292.0,1.59,1,Dodonaea bursariifolia,Lupinus perennis,Montia L.
115,341.4,2.52,1,Eremophila glabra,Lupinus perennis,Montia parvifolia
116,162.1,1.01,1,Eucalyptus dumosa,Lupinus perennis,Montia parvifolia
117,161.2,1.12,1,Eucalyptus socialis,Lupinus perennis,Montia parvifolia
118,119.9,0.98,1,Grevillea huegelii,Lupinus perennis,Mycelis muralis
119,319.9,1.28,1,Myoporum platycarpum,Lupinus perennis,Ottelia alismoides
120,223.5,1.36,1,SenNAartemisioides ssp. filifolia ,Lupinus perennis,Pinaropappus Less.
121,,1.5,0,Triodia irritans,Lupinus perennis,Pinaropappus parvus
122,,,1,Pinus radiata,Lupinus perennis,Pinaropappus roseus
123,,,1,Acer rubrum,Lupinus perennis,Pinaropappus roseus
124,,,1,Acer saccharum,Lupinus perennis,Pinaropappus roseus
125,,,1,Betula papyrifera,Lupinus perennis,Pistia stratiotes
126,,,1,Ostrya virginiana,Lupinus perennis,Saxifraga micranthidifolia
127,,,1,Prunus virginiana,Lupinus perennis,Stephanomeria blairii
128,,,1,Quercus rubra,Lupinus perennis,Stephanomeria cichoriacea
129,,,1,Tilia americana,Lupinus perennis,Stephanomeria diegensis
130,402.4,0.24,1,Acer rubrum,Lupinus perennis,Stephanomeria elata
131,628.3,0.49,1,Prunus serotina,Lupinus perennis,Stephanomeria Nutt.
132,502.2,0.36,1,Quercus ellipsoidalis,Lupinus perennis,Stephanomeria exigua
133,662.6,0.48,1,Acer rubrum,Lupinus perennis,Stephanomeria exigua
134,728.3,0.66,1,Prunus serotina,Lupinus perennis,Stephanomeria exigua
135,571.2,0.58,1,Quercus ellipsoidalis,Lupinus perennis,Stephanomeria exigua
136,,1.92,0,Achillea millefolium,Lupinus perennis,Stephanomeria exigua
137,,0.86,0,Agropyron repens,Lupinus perennis,Stephanomeria exigua
138,,1.4,0,Agrostis scabra,Lupinus perennis,Stephanomeria fluminea
139,,1.55,0,Ambrosia artemisiifolia,Lupinus perennis,Stephanomeria lactucina
140,,1.14,0,Amorpha canescens,Lupinus perennis,Stephanomeria malheurensis
141,,0.89,0,Andropogon gerardi,Lupinus perennis,Stephanomeria minor
142,,1.1,0,Anemone cylindrica,Lupinus perennis,Stephanomeria minor
143,,1.51,0,Asclepias syriaca,Lupinus perennis,Stephanomeria minor
144,,1.31,0,Asclepias tuberosa,Lupinus perennis,Stephanomeria minor
145,,1.31,0,Aster azureus,Lupinus perennis,Stephanomeria paniculata
146,,1.25,0,Aster ericoides,Lupinus perennis,Stephanomeria parryi
147,,1.24,0,Astragalus canadensis,Lupinus perennis,Stephanomeria pauciflora
148,,1.17,0,Bouteloua curtipendula,Lupinus perennis,Stephanomeria runcinata
149,,0.76,0,Bromus inermis,Lupinus perennis,Stephanomeria schottii
150,,1.19,0,Calamovilfa longifolia,Lupinus perennis,Stephanomeria thurberi
151,,1.08,0,Coreopsis palmata,Lupinus perennis,Stephanomeria virgata
152,,0.81,0,Corylus americana,Lupinus perennis,Stephanomeria virgata
153,,2.2,0,Dalea villosa,Lupinus perennis,Stephanomeria virgata
154,,0.74,0,Desmodium canadense,Lupinus perennis,Stephanomeria wrightii
155,,2.52,0,Koeleria cristata,Lupinus perennis,Ulva clathratioides
156,,1.45,0,Lespedeza capitata,Lupinus perennis,Ulva pertusa
157,,1.16,0,Liatris aspera,Lupinus perennis,Ulva L.
158,,1.92,0,Lupinus perennis,Lupinus perennis,Claytonia perfoliata
159,,0.76,0,Panicum virgatum,Lupinus perennis,Claytonia perfoliata
160,,1.68,0,Penstemon grandiflorus,Lupinus perennis,Claytonia perfoliata
161,,1.77,0,Petalostemum villosum,Lupinus perennis,Claytonia perfoliata
162,,3.47,0,Poa pratensis,Lupinus perennis,Dudleya caespitosa
163,,0.95,0,Potentilla arguta,Lupinus perennis,Ixeris stolonifera
164,,1.68,0,Quercus macrocarpa,Lupinus perennis,Lactuca biennis
165,,1.22,0,Rudbeckia serotina,Lupinus perennis,Lactuca canadensis
166,,0.88,0,Schizachyrium scoparium,Lupinus perennis,Lactuca L.
167,,1.35,0,Solidago nemoralis,Lupinus perennis,Lactuca floridana
168,,1.32,0,Solidago rigida,Lupinus perennis,Lactuca floridana
169,,0.99,0,Sorghastrum nutans,Lupinus perennis,Lactuca floridana
170,,2.75,0,Stipa spartea,Lupinus perennis,Lactuca graminifolia
171,,,1,Abies balsamea,Lupinus perennis,Lactuca graminifolia
172,,,1,Acer rubrum,Lupinus perennis,Lactuca graminifolia
173,,,1,Betula papyrifera,Lupinus perennis,Lactuca hirsuta
174,,,1,Picea glauca,Lupinus perennis,Lactuca hirsuta
175,,,1,Pinus banksiana,Lupinus perennis,Lactuca hirsuta
176,,,1,Pinus resinosa,Lupinus perennis,Lactuca hirsuta
177,,,1,Pinus strobus,Lupinus perennis,Lactuca indica
178,,0.66,0,Acer rubrum,Lupinus perennis,Lactuca ludoviciana
179,,0.87,0,Carya glabra,Lupinus perennis,Lactuca ×morssii
180,,0.75,0,Cornus florida,Lupinus perennis,Lactuca saligna
181,,0.93,0,Fraxinus sp,Lupinus perennis,Lactuca sativa
182,,0.92,0,Liriodendron tulipifera,Lupinus perennis,Lactuca serriola
183,,0.44,0,Magnolia fraseri,Lupinus perennis,Lactuca tatarica
184,,0.6,0,Nyssa sylvatica,Lupinus perennis,Lactuca tatarica
185,,0.48,0,Oxydendrum arboreum,Lupinus perennis,Lactuca virosa
186,,,1,Pinus strobus,Lupinus perennis,Montia bostockii
187,,0.53,0,Platanus occidentalis,Lupinus perennis,Montia chamissoi
188,,1.09,0,Quercus alba,Lupinus perennis,Montia dichotoma
189,,1.34,0,Quercus prinus,Lupinus perennis,Montia diffusa
190,,0.8,0,Quercus rubra,Lupinus perennis,Montia fontana
191,,0.86,0,Robinia pseudoacacia,Lupinus perennis,Montia howellii
192,,0.7,0,Tilia americana,Lupinus perennis,Montia linearis
193,,0.8,0,Acer rubrum,Lupinus perennis,Montia L.
194,,0.95,0,Eupatorium rugosum,Lupinus perennis,Montia parvifolia
195,,0.78,0,Galax aphylla,Lupinus perennis,Montia parvifolia
196,,1.43,0,Helianthus microcephalus,Lupinus perennis,Montia parvifolia
197,,0.94,0,Kalmia latifolia,Lupinus perennis,Mycelis muralis
198,,0.85,0,Liriodendron tulipifera,Lupinus perennis,Ottelia alismoides
199,,1.06,0,Pinus rigida,Lupinus perennis,Pinaropappus Less.
200,,0.57,0,Pinus strobus,Lupinus perennis,Pinaropappus parvus
201,,0.83,0,Podophyllum peltatum,Lupinus perennis,Pinaropappus roseus
202,,0.97,0,Quercus coccinea,Lupinus perennis,Pinaropappus roseus
203,,0.78,0,Rhododendron maximum,Lupinus perennis,Pinaropappus roseus
204,,1.21,0,Robinia pseudoacacia,Lupinus perennis,Pistia stratiotes
205,,0.38,0,Tsuga canadensis,Lupinus perennis,Saxifraga micranthidifolia
206,374.5,1.34,1,AcmeNAgraveolens,Lupinus perennis,Stephanomeria blairii
207,465.7,0.91,1,Alstonia scholaris,Lupinus perennis,Stephanomeria cichoriacea
208,363.1,0.95,1,Argyrodendron peralatum,Lupinus perennis,Stephanomeria diegensis
209,307.8,0.7,1,Cardwellia sublimis,Lupinus perennis,Stephanomeria elata
210,650.7,1.03,1,Castanospermum australe,Lupinus perennis,Stephanomeria Nutt.
211,326.8,0.82,1,Cryptocarya mackinnoniana,Lupinus perennis,Stephanomeria exigua
212,541.9,1.3,1,Dysoxylum papuanum,Lupinus perennis,Stephanomeria exigua
213,651.8,1.05,1,Elaeocarpus angustifolius,Lupinus perennis,Stephanomeria exigua
214,627.1,0.9,1,Elaeocarpus grandis,Lupinus perennis,Stephanomeria exigua
215,446.2,0.62,1,Endiandra leptodendron,Lupinus perennis,Stephanomeria exigua
216,1010.1,0.99,1,Ficus variegata,Lupinus perennis,Stephanomeria exigua
217,326.4,0.96,1,Gillbeea whyapallana,Lupinus perennis,Stephanomeria fluminea
218,328.9,0.82,1,Myristica globosa subsp muelleri,Lupinus perennis,Stephanomeria lactucina
219,394.1,0.17,1,Pseuduvaria froggattii,Lupinus perennis,Stephanomeria malheurensis
220,257.0,0.48,1,Rockinghamia angustifolia,Lupinus perennis,Stephanomeria minor
221,384.5,0.89,1,Synima cordierorum,Lupinus perennis,Stephanomeria minor
222,455.2,0.84,1,Syzygium sayeri,Lupinus perennis,Stephanomeria minor
223,316.1,0.6,1,Xanthophyllum octandrum,Lupinus perennis,Stephanomeria minor
224,331.7,1.03,1,Apeiba aspera,Lupinus perennis,Stephanomeria paniculata
225,271.5,1.01,1,Inga laurina,Lupinus perennis,Stephanomeria parryi
226,104.9,0.98,1,Pouteria torta subsp glabra,Lupinus perennis,Stephanomeria pauciflora
227,346.9,1.8,1,Pseudolmedia laevis,Lupinus perennis,Stephanomeria runcinata
228,103.0,1.71,1,Terminalia oblonga,Lupinus perennis,Stephanomeria schottii
229,213.9,2.0,1,Brunellia cuzcoensis,Lupinus perennis,Stephanomeria thurberi
230,219.8,3.63,1,Cinnamomum floccosum,Lupinus perennis,Stephanomeria virgata
231,257.1,1.4,1,Clethra scabra,Lupinus perennis,Stephanomeria virgata
232,199.8,1.53,1,Clethra sp,Lupinus perennis,Stephanomeria virgata
233,366.9,2.02,1,Miconia livida,Lupinus perennis,Stephanomeria wrightii
234,231.5,2.29,1,Miconia sp,Lupinus perennis,Ulva clathratioides
235,337.7,1.8,1,Miconia theizans,Lupinus perennis,Ulva pertusa
236,389.7,1.42,1,Morella pavonis,Lupinus perennis,Ulva L.
237,293.3,1.79,1,Myrsine coriacea,Lupinus perennis,Claytonia perfoliata
238,266.6,1.81,1,Myrsine youngii,Lupinus perennis,Claytonia perfoliata
239,197.4,1.76,1,Persea buchtienii,Lupinus perennis,Claytonia perfoliata
240,42.9,0.38,1,Podocarpus oleifolius,Lupinus perennis,Claytonia perfoliata
241,327.2,2.34,1,Prunus integrifolia,Lupinus perennis,Dudleya caespitosa
242,101.6,1.86,1,Weinmannia pubescens,Lupinus perennis,Ixeris stolonifera
243,1190.5,2.53,1,Aristotelia serrata,Lupinus perennis,Lactuca biennis
244,663.1,2.26,1,Coriaria arborea,Lupinus perennis,Lactuca canadensis
245,254.2,1.64,1,Griselinia littoralis,Lupinus perennis,Lactuca L.
246,914.5,1.94,1,Hebe sp,Lupinus perennis,Lactuca floridana
247,914.3,2.34,1,Olearia avicenniifolia,Lupinus perennis,Lactuca floridana
248,1462.2,2.63,1,Aristotelia serrata,Lupinus perennis,Lactuca floridana
249,481.6,1.5,1,Coprosma lucida,Lupinus perennis,Lactuca graminifolia
250,447.4,2.42,1,Coriaria arborea,Lupinus perennis,Lactuca graminifolia
251,810.7,1.51,1,Melicytus ramiflorus,Lupinus perennis,Lactuca graminifolia
252,1043.5,1.61,1,Olearia arboraescens,Lupinus perennis,Lactuca hirsuta
253,638.9,1.72,1,Schefflera digitata,Lupinus perennis,Lactuca hirsuta
254,2148.7,2.33,1,Fuchsia excorticata,Lupinus perennis,Lactuca hirsuta
255,208.4,1.22,1,Griselinia littoralis,Lupinus perennis,Lactuca hirsuta
256,864.3,1.89,1,Metrosideros umbellata,Lupinus perennis,Lactuca indica
257,1910.1,4.31,1,Olearia illcifolia,Lupinus perennis,Lactuca ludoviciana
258,143.1,1.55,1,Pseudopanax colensoi,Lupinus perennis,Lactuca ×morssii
259,380.6,1.94,1,Pseudopanax crassifolius,Lupinus perennis,Lactuca saligna
260,137.8,1.69,1,Weinmannia racemosa,Lupinus perennis,Lactuca sativa
261,142.2,1.76,1,Griselinia littoralis,Lupinus perennis,Lactuca serriola
262,221.5,1.55,1,Metrosideros umbellata,Lupinus perennis,Lactuca tatarica
263,73.5,1.05,1,Weinmannia racemosa,Lupinus perennis,Lactuca tatarica
264,23.4,0.68,1,Dacrydium cuppressinum,Lupinus perennis,Lactuca virosa
265,68.3,0.96,1,Metrosideros umbellata,Lupinus perennis,Montia bostockii
266,18.6,0.42,1,Weinmannia racemosa,Lupinus perennis,Montia chamissoi
267,31.8,1.73,1,Dacrydium cuppressinum,Lupinus perennis,Montia dichotoma
268,160.1,2.16,1,Metrosideros umbellata,Lupinus perennis,Montia diffusa
269,51.0,1.01,1,Weinmannia racemosa,Lupinus perennis,Montia fontana
270,199.7,1.67,1,Acacia aneura,Lupinus perennis,Montia howellii
271,378.6,0.86,1,Acacia hemiteles,Lupinus perennis,Montia linearis
272,,1.7,0,Atriplex nummularia,Lupinus perennis,Montia L.
273,170.1,2.25,1,Eremophila scoparia,Lupinus perennis,Montia parvifolia
274,191.3,2.16,1,Eucalyptus clelandii,Lupinus perennis,Montia parvifolia
275,161.1,1.85,1,Eucalyptus salmonophloia,Lupinus perennis,Montia parvifolia
276,159.3,2.19,1,Eucalyptus salubris ,Lupinus perennis,Mycelis muralis
277,177.7,1.69,1,Eucalyptus transcontinentalis,Lupinus perennis,Ottelia alismoides
278,428.2,1.38,1,MaireaNAsedifolia,Lupinus perennis,Pinaropappus Less.
279,447.0,1.32,1,Alchorneopsis floribunda,Lupinus perennis,Pinaropappus parvus
280,227.3,0.51,1,Ambelania acida,Lupinus perennis,Pinaropappus roseus
281,446.6,0.72,1,Apeiba glabra,Lupinus perennis,Pinaropappus roseus
282,284.3,0.75,1,Carapa procera,Lupinus perennis,Pinaropappus roseus
283,,1.21,0,Caryocar microcarpum,Lupinus perennis,Pistia stratiotes
284,163.8,0.96,1,Chaetocarpus schomburgkianus,Lupinus perennis,Saxifraga micranthidifolia
285,98.1,0.69,1,Cupania scrobiculata,Lupinus perennis,Stephanomeria blairii
286,345.7,0.62,1,Dicorynia guianensis,Lupinus perennis,Stephanomeria cichoriacea
287,192.9,0.9,1,Duroia longiflora,Lupinus perennis,Stephanomeria diegensis
288,258.6,0.41,1,Eperua falcata,Lupinus perennis,Stephanomeria elata
289,197.5,0.43,1,Eperua grandiflora,Lupinus perennis,Stephanomeria Nutt.
290,315.0,0.56,1,Eschweilera coriacea,Lupinus perennis,Stephanomeria exigua
291,188.5,0.48,1,Eschweilera parviflora,Lupinus perennis,Stephanomeria exigua
292,320.1,0.63,1,Eschweilera sagotiana,Lupinus perennis,Stephanomeria exigua
293,296.2,0.6,1,Goupia glabra,Lupinus perennis,Stephanomeria exigua
294,278.0,0.81,1,Guatteria schomburgkiana,Lupinus perennis,Stephanomeria exigua
295,298.2,0.72,1,Hirtella glandulosa,Lupinus perennis,Stephanomeria exigua
296,176.2,0.49,1,Iryanthera hostmannii,Lupinus perennis,Stephanomeria fluminea
297,223.8,0.69,1,Iryanthera sagotiana,Lupinus perennis,Stephanomeria lactucina
298,225.1,0.68,1,Jacaranda copaia,Lupinus perennis,Stephanomeria malheurensis
299,348.3,1.19,1,Laetia procera,Lupinus perennis,Stephanomeria minor
300,232.3,0.67,1,Lecythis persistens,Lupinus perennis,Stephanomeria minor
301,244.4,0.6,1,Licania alba,Lupinus perennis,Stephanomeria minor
302,178.8,0.55,1,Licania membranacea,Lupinus perennis,Stephanomeria minor
303,473.8,0.38,1,Macoubea guianensis,Lupinus perennis,Stephanomeria paniculata
304,243.8,0.74,1,Ormosia coutinhoi,Lupinus perennis,Stephanomeria parryi
305,211.8,0.47,1,Poraqueiba guianensis,Lupinus perennis,Stephanomeria pauciflora
306,260.3,0.56,1,Posoqueria latifolia,Lupinus perennis,Stephanomeria runcinata
307,156.0,0.26,1,Pradosia cochlearia,Lupinus perennis,Stephanomeria schottii
308,300.3,0.7,1,Protium opacum,Lupinus perennis,Stephanomeria thurberi
309,420.4,1.1,1,Recordoxylon speciosum,Lupinus perennis,Stephanomeria virgata
310,603.7,0.76,1,Simarouba amara repeat,Lupinus perennis,Stephanomeria virgata
311,272.4,0.24,1,SiparuNAdecipiens,Lupinus perennis,Stephanomeria virgata
312,397.9,0.46,1,Sloanea grandiflora,Lupinus perennis,Stephanomeria wrightii
313,332.4,0.72,1,Sterculia pruriens,Lupinus perennis,Ulva clathratioides
314,,0.58,0,Swartzia panacoco,Lupinus perennis,Ulva pertusa
315,233.1,0.71,1,Symphonia globulifera,Lupinus perennis,Ulva L.
316,481.8,0.72,1,Tabebuia insignis,Lupinus perennis,Claytonia perfoliata
317,486.0,1.16,1,Tapirira guianensis,Lupinus perennis,Claytonia perfoliata
318,349.3,0.8,1,Tapirira obtusa,Lupinus perennis,Claytonia perfoliata
319,272.8,0.28,1,Theobroma subincanum,Lupinus perennis,Claytonia perfoliata
320,369.3,0.94,1,Virola surinamensis,Lupinus perennis,Dudleya caespitosa
321,633.2,1.22,1,Vismia sessilifolia,Lupinus perennis,Ixeris stolonifera
322,300.8,0.4,1,Amaioua guianensis,Lupinus perennis,Lactuca biennis
323,211.8,0.5,1,Amphirrhox longifolia,Lupinus perennis,Lactuca canadensis
324,312.0,1.16,1,Bocoa prouacensis,Lupinus perennis,Lactuca L.
325,218.8,0.48,1,Casearia javitensis,Lupinus perennis,Lactuca floridana
326,207.4,0.8,1,Chaetocarpus schomburgkianus,Lupinus perennis,Lactuca floridana
327,152.2,1.24,1,Chrysophyllum prieurii,Lupinus perennis,Lactuca floridana
328,318.9,0.79,1,Chrysophyllum sanguinolentum,Lupinus perennis,Lactuca graminifolia
329,271.5,0.62,1,Couratari multiflora,Lupinus perennis,Lactuca graminifolia
330,232.4,0.55,1,Cupania scrobiculata,Lupinus perennis,Lactuca graminifolia
331,491.7,0.56,1,Dialium guianense,Lupinus perennis,Lactuca hirsuta
332,188.1,1.04,1,Duroia longiflora,Lupinus perennis,Lactuca hirsuta
333,163.2,0.83,1,Eperua falcata,Lupinus perennis,Lactuca hirsuta
334,183.4,0.62,1,Eschweilera coriacea,Lupinus perennis,Lactuca hirsuta
335,150.7,0.87,1,Eschweilera sagotiana,Lupinus perennis,Lactuca indica
336,368.1,1.34,1,Guarea kunthiana,Lupinus perennis,Lactuca ludoviciana
337,,0.71,0,Gustavia hexapetala,Lupinus perennis,Lactuca ×morssii
338,422.0,0.42,1,Hebepetalum humiriifolium,Lupinus perennis,Lactuca saligna
339,266.5,0.73,1,Iryanthera hostmannii,Lupinus perennis,Lactuca sativa
340,208.3,1.06,1,Iryanthera sagotiana,Lupinus perennis,Lactuca serriola
341,279.0,1.11,1,Lecythis persistens,Lupinus perennis,Lactuca tatarica
342,105.4,0.63,1,Leonia glycycarpa,Lupinus perennis,Lactuca tatarica
343,78.1,0.87,1,Licania alba,Lupinus perennis,Lactuca virosa
344,116.9,0.92,1,Licania canescens,Lupinus perennis,Montia bostockii
345,261.7,0.82,1,Licania heteromorpha,Lupinus perennis,Montia chamissoi
346,199.8,0.73,1,Licania membranacea,Lupinus perennis,Montia dichotoma
347,555.2,0.84,1,Macoubea guianensis,Lupinus perennis,Montia diffusa
348,164.8,0.9,1,Micropholis guyanensis,Lupinus perennis,Montia fontana
349,140.7,0.29,1,Oenocarpus bataua,Lupinus perennis,Montia howellii
350,,0.22,0,Oxandra asbeckii,Lupinus perennis,Montia linearis
351,76.6,0.71,1,Platonia insignis,Lupinus perennis,Montia L.
352,168.4,0.92,1,Pogonophora schomburgkiana,Lupinus perennis,Montia parvifolia
353,267.4,0.42,1,Poraqueiba guianensis,Lupinus perennis,Montia parvifolia
354,262.8,0.39,1,Pouteria bangii,Lupinus perennis,Montia parvifolia
355,137.4,0.89,1,Pouteria torta subsp tuberculata,Lupinus perennis,Mycelis muralis
356,332.8,0.98,1,Protium opacum,Lupinus perennis,Ottelia alismoides
357,368.2,1.11,1,Simaba cedron,Lupinus perennis,Pinaropappus Less.
358,198.4,0.88,1,SiparuNAdecipiens,Lupinus perennis,Pinaropappus parvus
359,195.6,1.44,1,Tapura capitulifera,Lupinus perennis,Pinaropappus roseus
360,192.5,0.92,1,Tetragastris panamensis,Lupinus perennis,Pinaropappus roseus
361,261.1,0.53,1,Theobroma subincanum,Lupinus perennis,Pinaropappus roseus
362,371.8,0.87,1,Thyrsodium spruceanum,Lupinus perennis,Pistia stratiotes
363,555.3,1.18,1,Virola michelii,Lupinus perennis,Saxifraga micranthidifolia
364,442.7,1.06,1,Vouacapoua americana,Lupinus perennis,Stephanomeria blairii
365,527.0,1.95,1,Acacia rostellifera,Lupinus perennis,Stephanomeria cichoriacea
366,746.3,1.24,1,Anthocercis littorea,Lupinus perennis,Stephanomeria diegensis
367,440.3,2.01,1,Chenopodiaceae,Lupinus perennis,Stephanomeria elata
368,656.5,0.94,1,Dioscorea hastifolia,Lupinus perennis,Stephanomeria Nutt.
369,652.5,2.01,1,Myoporum insulare,Lupinus perennis,Stephanomeria exigua
370,497.9,3.33,1,Olearia axillaris,Lupinus perennis,Stephanomeria exigua
371,454.8,1.45,1,Spyridium globulosum,Lupinus perennis,Stephanomeria exigua
372,302.8,1.24,1,Templetonia retusa,Lupinus perennis,Stephanomeria exigua
373,820.0,5.33,1,Acacia lasiocarpa,Lupinus perennis,Stephanomeria exigua
374,677.2,1.43,1,Acacia rostellifera,Lupinus perennis,Stephanomeria exigua
375,410.9,1.23,1,Banksia nivea,Lupinus perennis,Stephanomeria fluminea
376,661.7,2.03,1,Clematis linearifolia,Lupinus perennis,Stephanomeria lactucina
377,408.5,4.79,1,Melaleuca systena,Lupinus perennis,Stephanomeria malheurensis
378,835.7,2.15,1,Opercularia spermacocea,Lupinus perennis,Stephanomeria minor
379,597.4,0.9,1,Phyllanthus calycinus,Lupinus perennis,Stephanomeria minor
380,143.7,1.81,1,Santalum acuminatum,Lupinus perennis,Stephanomeria minor
381,486.5,0.98,1,Spyridium globulosum,Lupinus perennis,Stephanomeria minor
382,737.7,2.62,1,Acacia rostellifera,Lupinus perennis,Stephanomeria paniculata
383,653.8,1.76,1,Anthocercis littorea,Lupinus perennis,Stephanomeria parryi
384,221.6,2.48,1,Banksia leptophylla var  Melletica,Lupinus perennis,Stephanomeria pauciflora
385,372.4,1.29,1,Banksia nivea,Lupinus perennis,Stephanomeria runcinata
386,439.9,1.07,1,Banksia prionotes ,Lupinus perennis,Stephanomeria schottii
387,245.1,2.38,1,Conospermum stoechadis,Lupinus perennis,Stephanomeria thurberi
388,546.2,1.8,1,Genus:  Scaevola ,Lupinus perennis,Stephanomeria virgata
389,265.3,1.94,1,Hakea incrassate ,Lupinus perennis,Stephanomeria virgata
390,401.6,2.41,1,Labichea cassioides,Lupinus perennis,Stephanomeria virgata
391,369.9,3.91,1,Melaleuca systena,Lupinus perennis,Stephanomeria wrightii
392,147.9,2.29,1,Aptandra liriosmoides,Lupinus perennis,Ulva clathratioides
393,,2.25,0,Couma macrocarpa,Lupinus perennis,Ulva pertusa
394,55.5,0.52,1,Eschweilera coriacea,Lupinus perennis,Ulva L.
395,223.5,1.98,1,Mezilaurus synandra,Lupinus perennis,Andromeda L.
396,92.4,1.48,1,Micropholis guyanensis,Lupinus perennis,Andromeda ×jamesiana
397,237.0,0.72,1,Mouriri nigra,Lupinus perennis,Andromeda polifolia
398,132.7,0.64,1,Myrciaria floribunda,Lupinus perennis,Andromeda polifolia
399,401.2,1.31,1,Osteophloeum platyspermum,Lupinus perennis,Andromeda polifolia
400,514.0,1.03,1,Pourouma bicolor,Lupinus perennis,Argusia gnaphalodes
401,,1.47,0,Pouteria cuspidata subsp robusta,Lupinus perennis,Argusia Boehmer
402,190.5,1.72,1,Pouteria guianensis,Lupinus perennis,Argusia sibirica
403,196.0,1.68,1,Pouteria platyphylla,Lupinus perennis,Conradina canescens
404,252.8,1.38,1,Qualea paraensis,Lupinus perennis,Conradina etonia
405,379.7,1.21,1,Sloanea brevipes,Lupinus perennis,Conradina glabra
406,457.1,1.86,1,Alchornea triplinervia,Lupinus perennis,Conradina grandiflora
407,187.9,1.69,1,Aspidosperma desmanthum,Lupinus perennis,Conradina A.
408,292.5,2.37,1,Brosimum rubescens,Lupinus perennis,Conradina verticillata
409,361.3,1.47,1,Brosimum utile subsp ovatifolium,Lupinus perennis,Helianthemum rosmarinifolium
410,166.0,1.17,1,Caraipa tereticaulis,Lupinus perennis,Limonium californicum
411,201.8,1.61,1,Chrysophyllum sanguinolentum,Lupinus perennis,Merremia quinquefolia
412,182.1,1.56,1,Emmotum floribundum,Lupinus perennis,Poliomintha glabrescens
413,187.9,1.09,1,Haploclathra cordata,Lupinus perennis,Poliomintha A.
414,172.0,0.85,1,Licaria cannella,Lupinus perennis,Rosmarinus officinalis
415,261.6,1.19,1,Lueheopsis althaeiflora,Lupinus perennis,Rosmarinus L.
416,315.9,1.68,1,Macoubea sprucei,Lupinus perennis,Andromeda L.
417,116.6,1.45,1,Micrandra spruceana,Lupinus perennis,Andromeda ×jamesiana
418,185.1,1.05,1,Micropholis guyanensis subsp guyanensis,Lupinus perennis,Andromeda polifolia
419,266.4,1.06,1,Parahancornia peruviana,Lupinus perennis,Andromeda polifolia
420,98.8,1.31,1,Pouteria lucumifolia,Lupinus perennis,Andromeda polifolia
421,209.7,1.12,1,Protium polybotryum,Lupinus perennis,Argusia gnaphalodes
422,227.5,1.61,1,Roucheria columbiana,Lupinus perennis,Argusia Boehmer
423,109.4,0.46,1,Tovomita calophyllophylla,Lupinus perennis,Argusia sibirica
424,328.5,0.33,1,Apodytes brachystylis,Lupinus perennis,Conradina canescens
425,209.3,0.41,1,Beilschmiedia tooram,Lupinus perennis,Conradina etonia
426,244.2,0.25,1,Bubbia semecarpoides,Lupinus perennis,Conradina glabra
427,363.5,0.7,1,Elaeocarpus largiflorens,Lupinus perennis,Conradina grandiflora
428,624.8,0.73,1,Litsea Leafeana,Lupinus perennis,Conradina A.
429,471.2,0.28,1,Neolitsea dealbata,Lupinus perennis,Conradina verticillata
430,294.3,0.48,1,Sloanea australis,Lupinus perennis,Helianthemum rosmarinifolium
431,348.2,0.64,1,Synima cordierorum,Lupinus perennis,Limonium californicum
432,482.6,1.51,1,unidentified sp,Lupinus perennis,Merremia quinquefolia
433,158.1,0.46,1,Wilkiea sp,Lupinus perennis,Poliomintha glabrescens
434,326.5,0.23,1,Ardisia brevipedata,Lupinus perennis,Poliomintha A.
435,303.6,0.68,1,Cardwellia sublimis,Lupinus perennis,Rosmarinus officinalis
436,431.3,0.72,1,Cryptocarya onopriekna,Lupinus perennis,Rosmarinus L.
437,244.9,0.86,1,Darlingia darlingiana,Lupinus perennis,Andromeda L.
438,564.9,0.78,1,Polyscias elegans,Lupinus perennis,Andromeda ×jamesiana
439,277.5,0.93,1,Toechima,Lupinus perennis,Andromeda polifolia
440,641.4,1.58,1,Anacardium excelsum,Lupinus perennis,Andromeda polifolia
441,893.8,1.23,1,Antirhea trichantha,Lupinus perennis,Andromeda polifolia
442,481.8,1.52,1,Castilla elastica,Lupinus perennis,Argusia gnaphalodes
443,1016.9,1.81,1,Cecropia longipes,Lupinus perennis,Argusia Boehmer
444,647.4,2.12,1,Luehea seemannii,Lupinus perennis,Argusia sibirica
445,964.0,1.4,1,Urera caracasana,Lupinus perennis,Conradina canescens
446,,0.89,0,Acacia bonariensis,Lupinus perennis,Conradina etonia
447,,0.82,0,Alibertia verrucosa,Lupinus perennis,Conradina glabra
448,,0.65,0,Ampelocera ruizii,Lupinus perennis,Conradina grandiflora
449,,0.87,0,Aspidosperma cylindrocarpon,Lupinus perennis,Conradina A.
450,,0.54,0,Aspidosperma rigidum,Lupinus perennis,Conradina verticillata
451,,0.52,0,Batocarpus amazonicus,Lupinus perennis,Helianthemum rosmarinifolium
452,,0.58,0,CariniaNAestrellensis,Lupinus perennis,Limonium californicum
453,,0.49,0,CariniaNAianeirensis,Lupinus perennis,Merremia quinquefolia
454,,0.61,0,Casearia gossypiosperma,Lupinus perennis,Poliomintha glabrescens
455,,0.73,0,Cavanillesia hylogeiton,Lupinus perennis,Poliomintha A.
456,,0.98,0,Cecropia concolor,Lupinus perennis,Rosmarinus officinalis
457,,0.64,0,Cedrela fissilis,Lupinus perennis,Rosmarinus L.
458,,0.98,0,Ceiba pentandra,Lupinus perennis,Andromeda L.
459,,0.78,0,Centrolobium microchaete,Lupinus perennis,Andromeda ×jamesiana
460,,0.86,0,Chorisia speciosa,Lupinus perennis,Andromeda polifolia
461,,1.23,0,Cupania cinerea,Lupinus perennis,Andromeda polifolia
462,,0.48,0,Dendropanax arboreus,Lupinus perennis,Andromeda polifolia
463,,0.46,0,Erythrochiton fallax,Lupinus perennis,Argusia gnaphalodes
464,,0.52,0,Eugenia florida,Lupinus perennis,Argusia Boehmer
465,,0.94,0,Ficus boliviana,Lupinus perennis,Argusia sibirica
466,,0.67,0,Gallesia integrifolia,Lupinus perennis,Conradina canescens
467,,0.63,0,Guarea guidonia,Lupinus perennis,Conradina etonia
468,,0.63,0,Hirtella triandra,Lupinus perennis,Conradina glabra
469,,1.11,0,Hura crepitans,Lupinus perennis,Conradina grandiflora
470,,0.45,0,Inga edulis,Lupinus perennis,Conradina A.
471,,0.53,0,Jacaratia spinosa,Lupinus perennis,Conradina verticillata
472,,0.19,0,Licaria triandra,Lupinus perennis,Helianthemum rosmarinifolium
473,,0.8,0,Maclura tinctoria,Lupinus perennis,Limonium californicum
474,,1.16,0,Margaritaria nobilis,Lupinus perennis,Merremia quinquefolia
475,,0.84,0,Myrcianthes sp,Lupinus perennis,Poliomintha glabrescens
476,,0.9,0,Neea hermaphrodita,Lupinus perennis,Poliomintha A.
477,,0.35,0,Ocotea guianensis,Lupinus perennis,Rosmarinus officinalis
478,,0.47,0,Ocotea sp,Lupinus perennis,Rosmarinus L.
479,,0.71,0,Peschiera australis,Lupinus perennis,Andromeda L.
480,,0.68,0,Picramnia sellowii,Lupinus perennis,Andromeda ×jamesiana
481,,0.61,0,Pouteria macrophylla,Lupinus perennis,Andromeda polifolia
482,,0.52,0,Pouteria nemorosa,Lupinus perennis,Andromeda polifolia
483,,0.57,0,Pseudolmedia laevis,Lupinus perennis,Andromeda polifolia
484,,1.04,0,Sapindus saponaria,Lupinus perennis,Argusia gnaphalodes
485,,1.07,0,Sapium glandulosum,Lupinus perennis,Argusia Boehmer
486,,0.88,0,Spondias mombin,Lupinus perennis,Argusia sibirica
487,,0.47,0,Stylogyne ambigua,Lupinus perennis,Conradina canescens
488,,0.68,0,Sweetia fruticosa,Lupinus perennis,Conradina etonia
489,,0.74,0,Swietenia macrophylla,Lupinus perennis,Conradina glabra
490,,1.04,0,Terminalia oblonga,Lupinus perennis,Conradina grandiflora
491,,0.47,0,Trema micrantha,Lupinus perennis,Conradina A.
492,,0.84,0,Triplaris americana,Lupinus perennis,Conradina verticillata
493,,1.0,0,unidentified sp,Lupinus perennis,Helianthemum rosmarinifolium
494,,0.6,0,Urera caracasana,Lupinus perennis,Limonium californicum
495,,0.88,0,Zanthoxylum sprucei,Lupinus perennis,Merremia quinquefolia
496,,0.33,0,Atolla otoleoides,Lupinus perennis,Poliomintha glabrescens
497,,0.44,0,Goupia glabra,Lupinus perennis,Poliomintha A.
498,,0.63,0,Helicostylis sp,Lupinus perennis,Rosmarinus officinalis
499,,0.83,0,Inga sp,Lupinus perennis,Rosmarinus L.
500,,1.03,0,Jacaranda copaia,Lupinus perennis,Acaena myriophylla
501,,0.44,0,Memora sp,Lupinus perennis,Anethum L.
502,,0.33,0,Oenocarpus sp,Lupinus perennis,Anethum graveolens
503,,0.38,0,Protium sp,Lupinus perennis,Argyranthemum foeniculum
504,,0.38,0,Vochysia sp,Lupinus perennis,Argyranthemum Webb
505,,0.85,0,Combretum micranthum,Lupinus perennis,Calliandra californica
506,,1.26,0,Combretum nigricans,Lupinus perennis,Carex cordillerana
507,,1.01,0,Guiera senegalensis,Lupinus perennis,Cornus unalaschkensis
508,,0.4,0,Anomalocalyx uleanus,Lupinus perennis,Desmodium glabellum
509,,1.29,0,Arrabidaea prancei,Lupinus perennis,Dillenia L.
510,,0.63,0,Brachiaria brizantha,Lupinus perennis,Dillenia ovata
511,,0.68,0,Combretum sp,Lupinus perennis,Dillenia philippinensis
512,,0.68,0,Copaifera duckei,Lupinus perennis,Dillenia suffruticosa
513,,1.32,0,Cordia bicolor,Lupinus perennis,Manilkara jaimiqui
514,,1.38,0,Desmodium sp,Lupinus perennis,Manilkara jaimiqui
515,,0.88,0,Dichapetalum spruceanum,Lupinus perennis,Manilkara zapota
516,,0.17,0,Duguetia cadaverica,Lupinus perennis,Miconia prasina
517,,0.21,0,Faramea platyneura,Lupinus perennis,Passiflora edulis
518,,0.27,0,Lecythis lurida,Lupinus perennis,Passiflora ligularis
519,,0.27,0,Lecythis sp,Lupinus perennis,Pavonia paniculata
520,,0.66,0,Manilkara huberi,Lupinus perennis,Passiflora quadrangularis
521,,0.91,0,Memora tanaeciicarpa,Lupinus perennis,Penstemon floribundus
522,,0.22,0,Miconia acinodendron,Lupinus perennis,Senna nitida
523,,0.62,0,Micropholis sp,Lupinus perennis,Thelypteris inabonensis
524,,0.25,0,Murta sp,Lupinus perennis,Veronica dillenii
525,,0.82,0,Prionostemma aspera,Lupinus perennis,Acaena myriophylla
526,,0.33,0,Protium puncticulatum,Lupinus perennis,Anethum L.
527,,0.23,0,Rinorea neglecta,Lupinus perennis,Anethum graveolens
528,,0.33,0,Sclerolobium paraense,Lupinus perennis,Argyranthemum foeniculum
529,,1.31,0,Tachigali myrmecophila,Lupinus perennis,Argyranthemum Webb
530,,1.01,0,Tetrapterys sp,Lupinus perennis,Calliandra californica
531,,0.53,0,unidentified sp,Lupinus perennis,Carex cordillerana
532,,1.03,0,Vismia sp,Lupinus perennis,Cornus unalaschkensis
533,,0.77,0,Amphimas pterocarpoides,Lupinus perennis,Desmodium glabellum
534,,0.72,0,Celtis adolfi friderici,Lupinus perennis,Dillenia L.
535,,0.54,0,Haumania danckelmaniana,Lupinus perennis,Dillenia ovata
536,,0.96,0,Musanga cecropioides,Lupinus perennis,Dillenia philippinensis
537,,0.72,0,Staudtia stipitata,Lupinus perennis,Dillenia suffruticosa
538,,0.24,0,Trichilia sp,Lupinus perennis,Manilkara jaimiqui
539,,1.38,0,Lyonia lucida,Lupinus perennis,Manilkara jaimiqui
540,,0.74,0,Persea borbonia,Lupinus perennis,Manilkara zapota
541,,0.92,0,Pinus palustris,Lupinus perennis,Miconia prasina
542,,1.39,0,Pinus serotina,Lupinus perennis,Passiflora edulis
543,,1.25,0,Pterocaulon pycnostachyum,Lupinus perennis,Passiflora ligularis
544,,0.65,0,Quercus laevis,Lupinus perennis,Pavonia paniculata
545,,0.91,0,Quercus virginiana,Lupinus perennis,Passiflora quadrangularis
546,,1.32,0,Taxodium distichum,Lupinus perennis,Penstemon floribundus
547,,0.8,0,Vaccinium arboreum,Lupinus perennis,Senna nitida
548,,1.3,0,Vaccinium corymbosum,Lupinus perennis,Thelypteris inabonensis
549,,1.79,0,Abies balsamea,Lupinus perennis,Veronica dillenii
550,,0.91,0,Acer rubrum,Lupinus perennis,Acaena myriophylla
551,,0.49,0,Acer saccharum,Lupinus perennis,Anethum L.
552,,1.07,0,Betula papyrifera,Lupinus perennis,Anethum graveolens
553,,0.47,0,Ostrya virginiana,Lupinus perennis,Argyranthemum foeniculum
554,,1.94,0,Picea glauca,Lupinus perennis,Argyranthemum Webb
555,,2.22,0,Pinus resinosa,Lupinus perennis,Calliandra californica
556,,1.84,0,Pinus strobus,Lupinus perennis,Carex cordillerana
557,,0.59,0,Prunus virginiana,Lupinus perennis,Cornus unalaschkensis
558,,0.71,0,Quercus rubra,Lupinus perennis,Desmodium glabellum
559,,0.58,0,Tilia americana,Lupinus perennis,Dillenia L.
560,,0.42,0,Acer saccharum,Lupinus perennis,Dillenia ovata
561,,1.16,0,Acer rubrum,Lupinus perennis,Dillenia philippinensis
562,,1.72,0,Quercus alba,Lupinus perennis,Dillenia suffruticosa
563,,1.78,0,Quercus rubra,Lupinus perennis,Manilkara jaimiqui
564,,1.08,0,Castanea sativa,Lupinus perennis,Manilkara jaimiqui
565,,0.76,0,Catalpa ovata,Lupinus perennis,Manilkara zapota
566,,0.43,0,Fagus sylvatica,Lupinus perennis,Miconia prasina
567,,0.34,0,Ginkgo biloba,Lupinus perennis,Passiflora edulis
568,,1.3,0,Picea abies,Lupinus perennis,Passiflora ligularis
569,,4.63,0,Pinus strobus,Lupinus perennis,Pavonia paniculata
570,,1.07,0,Pinus sylvestris,Lupinus perennis,Passiflora quadrangularis
571,,1.09,0,Quercus robur,Lupinus perennis,Penstemon floribundus
572,,4.79,0,Sequoiadendron sp,Lupinus perennis,Senna nitida
573,561.3,1.58,1,Cryptocarya alba,Lupinus perennis,Thelypteris inabonensis
574,489.8,1.64,1,Drimys winteri,Lupinus perennis,Veronica dillenii
575,524.5,0.82,1,Eucryphia cordifolia,Lupinus perennis,Acaena myriophylla
576,392.9,1.88,1,Luma apiculata,Lupinus perennis,Anethum L.
577,714.1,1.29,1,Nothofagus dombeyi,Lupinus perennis,Anethum graveolens
578,268.9,1.16,1,Podocarpus saligna,Lupinus perennis,Argyranthemum foeniculum
579,227.5,1.53,1,Austrocedrus chilensis,Lupinus perennis,Argyranthemum Webb
580,403.1,1.27,1,Lomatia hirsuta,Lupinus perennis,Calliandra californica
581,476.3,0.57,1,Persea lingue,Lupinus perennis,Carex cordillerana
582,207.9,1.02,1,Podocarpus saligna,Lupinus perennis,Cornus unalaschkensis
583,200.8,0.76,1,Prumnopitys andina,Lupinus perennis,Desmodium glabellum
584,184.3,0.65,1,Aextoxicon punctatum,Lupinus perennis,Dillenia L.
585,381.3,1.33,1,Dasyphyllum diacanthoides,Lupinus perennis,Dillenia ovata
586,267.5,2.2,1,Drimys winteri,Lupinus perennis,Dillenia philippinensis
587,796.5,2.07,1,Embothrium coccineum,Lupinus perennis,Dillenia suffruticosa
588,422.8,1.0,1,Eucryphia cordifolia,Lupinus perennis,Manilkara jaimiqui
589,353.2,1.29,1,GevuiNAavellana,Lupinus perennis,Manilkara jaimiqui
590,199.5,1.29,1,Laurelia philippiana,Lupinus perennis,Manilkara zapota
591,305.4,1.68,1,Luma apiculata,Lupinus perennis,Miconia prasina
592,238.3,0.9,1,Myrceugenia planipes,Lupinus perennis,Passiflora edulis
593,502.5,2.0,1,Nothofagus dombeyi,Lupinus perennis,Passiflora ligularis
594,196.2,1.09,1,Podocarpus nubigena,Lupinus perennis,Pavonia paniculata
595,230.2,0.79,1,Saxegothaea conspicua,Lupinus perennis,Passiflora quadrangularis
596,,0.6,0,Castanopsis sieboldii,Lupinus perennis,Penstemon floribundus
597,,0.34,0,Neolitsea sericea,Lupinus perennis,Senna nitida
598,,0.6,0,Persea thunbergii,Lupinus perennis,Thelypteris inabonensis
599,,1.02,0,Quercus myrsinaefolia,Lupinus perennis,Veronica dillenii
600,,0.96,0,Maytenus oleoides,Lupinus perennis,Acaena myriophylla
601,,1.1,0,Protea acaulos,Lupinus perennis,Anethum L.
602,,0.69,0,Protea neriifolia,Lupinus perennis,Anethum graveolens
603,,1.1,0,Protea nitida,Lupinus perennis,Argyranthemum foeniculum
604,,1.38,0,Protea repens,Lupinus perennis,Argyranthemum Webb
605,471.4,0.89,1,Albizia guachapele,Lupinus perennis,Calliandra californica
606,420.8,1.21,1,Anacardium excelsum,Lupinus perennis,Carex cordillerana
607,501.6,0.99,1,AnnoNAspraguei,Lupinus perennis,Cornus unalaschkensis
608,544.3,1.07,1,Astronium graveolens,Lupinus perennis,Desmodium glabellum
609,623.4,1.17,1,Castilla elastica var costaricana,Lupinus perennis,Dillenia L.
610,690.1,1.36,1,Cecropia peltata,Lupinus perennis,Dillenia ovata
611,386.7,0.79,1,Chrysophyllum cainito,Lupinus perennis,Dillenia philippinensis
612,584.6,1.39,1,Ficus insipida,Lupinus perennis,Dillenia suffruticosa
613,684.6,1.14,1,Luehea seemannii,Lupinus perennis,Manilkara jaimiqui
614,760.7,1.21,1,Pittoniotis trichantha,Lupinus perennis,Manilkara jaimiqui
615,468.8,1.07,1,Pseudobombax septenatum,Lupinus perennis,Manilkara zapota
616,438.7,1.43,1,Spondias mombin,Lupinus perennis,Miconia prasina
617,458.7,1.37,1,Zuelania guidonia,Lupinus perennis,Passiflora edulis
618,,,1,Pinus banksiana,Lupinus perennis,Passiflora ligularis
619,59.2,0.88,1,Abies lasiocarpa,Lupinus perennis,Pavonia paniculata
620,143.6,0.68,1,Arctostaphylos uva-ursi,Lupinus perennis,Passiflora quadrangularis
621,577.4,2.35,1,Bistorta bistortoides,Lupinus perennis,Penstemon floribundus
622,512.3,1.76,1,Geum rosii,Lupinus perennis,Senna nitida
623,59.2,0.98,1,Picea engelmannii,Lupinus perennis,Thelypteris inabonensis
624,122.5,1.47,1,Pinus flexilis,Lupinus perennis,Veronica dillenii
625,436.2,1.21,1,Psychrophila leptosepala,Lupinus perennis,Primula ×polyantha
626,509.1,1.44,1,Salix glauca,Lupinus perennis,Primula ×polyantha
627,624.0,2.02,1,Salix planifolia,Lupinus perennis,Primula ×polyantha
628,418.2,0.62,1,Vaccinium myrtillus,Lupinus perennis,Primula ×polyantha
629,,3.1,0,Atriplex canescens,Lupinus perennis,Primula ×polyantha
630,862.9,1.65,1,Baccharis angustifolia,Lupinus perennis,Primula ×polyantha
631,818.6,1.89,1,Elaeagnus angustifolia,Lupinus perennis,Primula ×polyantha
632,242.5,4.22,1,Gutierrezia sarothrae,Lupinus perennis,Primula ×polyantha
633,70.4,3.75,1,Juniperus monosperma,Lupinus perennis,Primula ×polyantha
634,400.8,1.97,1,Larrea tridentata,Lupinus perennis,Primula ×polyantha
635,534.4,1.74,1,Populus fremontii,Lupinus perennis,Satureja hortensis
636,462.0,1.5,1,Prosopis glandulosa,Lupinus perennis,Satureja hortensis
637,,2.36,0,Quercus turbinella,Lupinus perennis,Satureja hortensis
638,423.8,1.01,1,Bellucia grossularioides,Lupinus perennis,Satureja hortensis
639,989.0,1.24,1,Cecropia ficifolia,Lupinus perennis,Satureja hortensis
640,233.0,0.77,1,Licania heteromorpha,Helianthus microcephalus,Agrostemma brachyloba
641,1877.4,1.21,1,Manihot esculenta,Helianthus microcephalus,Agrostemma githago
642,360.2,0.57,1,Miconia dispar,Helianthus microcephalus,Agrostemma L.
643,195.0,0.65,1,Ocotea costulata,Helianthus microcephalus,Allium triquetrum
644,221.3,0.7,1,Protium sp,Helianthus microcephalus,Anthemis arvensis
645,540.8,0.88,1,Vismia japurensis,Helianthus microcephalus,Bromus squarrosus
646,640.0,0.96,1,Vismia lauriformis,Helianthus microcephalus,Buglossoides arvensis
647,,0.75,0,Acer rubrum,Helianthus microcephalus,Centaurea cyanus
648,,0.56,0,Acer saccharum,Helianthus microcephalus,Centaurea dealbata
649,823.2,3.42,1,Baptisia leucophaea,Helianthus microcephalus,Centaurea montana
650,558.4,1.34,1,Echinacea purpurea,Helianthus microcephalus,Chasmanthe N.E.
651,1354.5,2.34,1,Erythronium americanum,Helianthus microcephalus,Chasmanthe floribunda
652,118.0,1.14,1,Picea glauca,Helianthus microcephalus,Cornus capitata
653,159.0,1.46,1,Pinus banksiana,Helianthus microcephalus,Cornus mas
654,208.8,0.64,1,Pinus strobus,Helianthus microcephalus,Cornutia L.
655,,1.82,0,Pinus sylvestris,Helianthus microcephalus,Cornus suecica
656,709.8,1.27,1,Populus deltoides,Helianthus microcephalus,Dicentra canadensis
657,683.7,1.84,1,Populus tremuloides,Helianthus microcephalus,Dicentra eximia
658,,1.38,0,Quercus ellipsoidalis,Helianthus microcephalus,Doellingeria infirma
659,1426.0,2.02,1,Sanguinaria canadensis,Helianthus microcephalus,Emex australis
660,531.1,1.64,1,Silphium integrifolium,Helianthus microcephalus,Emex Campd.
661,773.0,1.32,1,Silphium terebinthinaceum,Helianthus microcephalus,Emex spinosa
662,331.3,0.8,1,Alphitonia whitei,Helianthus microcephalus,Eriogonum glandulosum
663,398.3,1.34,1,Alstonia muelleriana,Helianthus microcephalus,Erica vagans
664,227.6,0.49,1,Argyrodendro trifoliolatum,Helianthus microcephalus,Galium tricornutum
665,343.3,0.75,1,Cardwellia sublimis,Helianthus microcephalus,Gladiolus communis
666,166.5,0.78,1,Ceratopetalum succirubrum,Helianthus microcephalus,Gladiolus communis
667,211.8,1.53,1,Cryptocarya mackinnoniana,Helianthus microcephalus,Gladiolus communis
668,382.9,0.92,1,Daphnandra repandula,Helianthus microcephalus,Gladiolus dalenii
669,191.5,1.39,1,Doryphora aromatica,Helianthus microcephalus,Gladiolus dalenii
670,181.0,1.44,1,Ficus leptoclada,Helianthus microcephalus,Glebionis segetum
671,148.1,0.83,1,Flindersia bourjotiana,Helianthus microcephalus,Hancornia B.A.
672,228.7,0.88,1,Gillbeea adenopetala,Helianthus microcephalus,Ibicella Van
673,250.1,1.26,1,Litsea leefeana,Helianthus microcephalus,Ibicella lutea
674,272.0,0.69,1,Myristica globosa,Helianthus microcephalus,Ixia campanulata
675,307.7,0.99,1,Polyscias elegans,Helianthus microcephalus,Ixia L.
676,395.6,0.78,1,Prunus turneriana,Helianthus microcephalus,Ixia maculata
677,106.4,0.52,1,Syzgium johnsonii,Helianthus microcephalus,Ixia polystachya
678,270.2,1.41,1,Aporosa grandistipula,Helianthus microcephalus,Lavatera cretica
679,350.1,1.16,1,Aporosa lucida,Helianthus microcephalus,Panicum miliaceum
680,434.0,1.3,1,Cleistanthus baramicus,Helianthus microcephalus,Panicum miliaceum
681,491.0,1.38,1,Cleistanthus paxii,Helianthus microcephalus,Papaver rhoeas
682,444.1,1.35,1,Dacryodes laxa,Helianthus microcephalus,Peperomia tetraphylla
683,400.0,1.38,1,Dacryodes rostrata,Helianthus microcephalus,Plagiobothrys acanthocarpus
684,504.7,1.4,1,Diospyros curranii,Helianthus microcephalus,Plagiobothrys Fisch.
685,360.5,1.31,1,Diospyros fusiformis,Helianthus microcephalus,Plagiobothrys arizonicus
686,311.0,1.23,1,Dipterocarpus acutangulus,Helianthus microcephalus,Plagiobothrys austiniae
687,382.2,1.3,1,Dipterocarpus applanatus,Helianthus microcephalus,Plagiobothrys bracteatus
688,405.4,1.21,1,Litsea accedens,Helianthus microcephalus,Plagiobothrys bracteatus
689,336.6,1.3,1,Litsea lancifolia,Helianthus microcephalus,Plagiobothrys bracteatus
690,175.3,1.34,1,Madhuca mindanaensis,Helianthus microcephalus,Plagiobothrys canescens
691,317.1,1.29,1,Madhuca pallida,Helianthus microcephalus,Plagiobothrys canescens
692,465.6,1.37,1,Mallotus caudatus,Helianthus microcephalus,Plagiobothrys canescens
693,328.4,1.32,1,Mallotus griffithianus,Helianthus microcephalus,Plagiobothrys chorisianus
694,334.2,1.3,1,Nephelium daedaleum,Helianthus microcephalus,Plagiobothrys chorisianus
695,522.1,1.42,1,Nephelium ramboutan,Helianthus microcephalus,Plagiobothrys chorisianus
696,331.2,1.31,1,Pentace borneensis,Helianthus microcephalus,Plagiobothrys collinus
697,711.7,1.21,1,Pentace laxifolia,Helianthus microcephalus,Plagiobothrys collinus
698,297.9,1.36,1,Ryparosa hirsuta,Helianthus microcephalus,Plagiobothrys collinus
699,416.7,1.29,1,Ryparosa hullettii,Helianthus microcephalus,Plagiobothrys collinus
700,351.5,1.36,1,Shorea falciferoides,Helianthus microcephalus,Plagiobothrys collinus
701,711.3,1.39,1,Shorea leprosula,Helianthus microcephalus,Plagiobothrys distantiflorus
702,315.5,1.27,1,Shorea multiflora,Helianthus microcephalus,Plagiobothrys figuratus
703,266.3,1.64,1,Shorea xanthophylla,Helianthus microcephalus,Plagiobothrys figuratus
704,233.4,1.2,1,Teijsmanniodendron holophyllum,Helianthus microcephalus,Plagiobothrys figuratus
705,416.8,1.37,1,Teijsmanniodendron pteropodum,Helianthus microcephalus,Plagiobothrys fulvus
706,399.0,1.47,1,Urophyllum griffithianum,Helianthus microcephalus,Plagiobothrys fulvus
707,951.5,0.94,1,Betula platyphylla,Helianthus microcephalus,Plagiobothrys glaber
708,517.0,1.56,1,Larix cajanderii,Helianthus microcephalus,Plagiobothrys glyptocarpus
709,293.6,1.23,1,Pinus sylvestris,Helianthus microcephalus,Plagiobothrys glomeratus
710,785.3,1.01,1,Betula platyphylla,Helianthus microcephalus,Plagiobothrys glyptocarpus
711,577.6,1.46,1,Larix cajanderii,Helianthus microcephalus,Plagiobothrys glyptocarpus
712,356.7,1.55,1,Alchornea anamariae,Helianthus microcephalus,Plagiobothrys greenei
713,235.2,1.21,1,Brunellia stenoptera,Helianthus microcephalus,Plagiobothrys hispidus
714,274.2,1.18,1,Cabralea canjerana,Helianthus microcephalus,Plagiobothrys hirtus
715,615.0,0.75,1,Cecropia angustifolia,Helianthus microcephalus,Plagiobothrys humistratus
716,126.6,1.06,1,Endlicheria chalisea,Helianthus microcephalus,Plagiobothrys hystriculus
717,398.6,1.19,1,Endlicheria macrophylla,Helianthus microcephalus,Plagiobothrys infectivus
718,191.0,1.13,1,Hieronyma asperifolia,Helianthus microcephalus,Plagiobothrys jonesii
719,214.1,0.58,1,Licania sp,Helianthus microcephalus,Plagiobothrys kingii
720,115.8,0.56,1,Licaria cannella,Helianthus microcephalus,Plagiobothrys kingii
721,157.6,1.09,1,Matayba guianensis,Helianthus microcephalus,Plagiobothrys kingii
722,164.6,0.82,1,Nectandra amazonum,Helianthus microcephalus,Plagiobothrys lamprocarpus
723,130.6,0.9,1,Ocotea cernua,Helianthus microcephalus,Plagiobothrys leptocladus
724,91.1,0.98,1,Ocotea sp,Helianthus microcephalus,Plagiobothrys lithocaryus
725,294.2,1.04,1,Pourouma bicolor subsp scobina,Helianthus microcephalus,Plagiobothrys mollis
726,188.6,0.45,1,Pouteria sagotiana,Helianthus microcephalus,Plagiobothrys mollis
727,180.0,1.25,1,Tapirira obtusa,Helianthus microcephalus,Plagiobothrys mollis
728,651.7,1.27,1,Vismia glaziovii,Helianthus microcephalus,Plagiobothrys myosotoides
729,237.6,1.53,1,Beilschmiedia latifolia,Helianthus microcephalus,Plagiobothrys nitens
730,161.7,1.55,1,Caryocar sp,Helianthus microcephalus,Plagiobothrys nothofulvus
731,122.1,1.43,1,Chrysophyllum sp,Helianthus microcephalus,Plagiobothrys orientalis
732,,1.61,0,Elaeagia mariae,Helianthus microcephalus,Plagiobothrys parishii
733,207.9,1.37,1,Ficus americana,Helianthus microcephalus,Plagiobothrys pringlei
734,176.2,1.38,1,Hieronyma macrocarpa,Helianthus microcephalus,Plagiobothrys reticulatus
735,125.8,0.81,1,Inga killipiana,Helianthus microcephalus,Plagiobothrys salsus
736,,,1,Matayba guianensis,Helianthus microcephalus,Plagiobothrys scouleri
737,402.9,1.49,1,Miconia coelestis,Helianthus microcephalus,Plagiobothrys scriptus
738,132.3,1.73,1,Myrcia mollis,Helianthus microcephalus,Plagiobothrys scouleri
739,164.2,0.94,1,Pouteria torta,Helianthus microcephalus,Plagiobothrys scouleri
740,,,1,Protium nodulosum,Helianthus microcephalus,Plagiobothrys scouleri
741,308.6,0.86,1,Pseudolmedia laevigata,Helianthus microcephalus,Plagiobothrys shastensis
742,100.5,0.85,1,Weinmannia lechleriana,Helianthus microcephalus,Plagiobothrys stipitatus
743,621.6,0.22,1,Acer saccharum,Helianthus microcephalus,Plagiobothrys strictus
744,,,1,Acer rubrum,Helianthus microcephalus,Plagiobothrys stipitatus
745,,,1,Quercus alba,Helianthus microcephalus,Plagiobothrys stipitatus
746,,,1,Quercus rubra,Helianthus microcephalus,Plagiobothrys tenellus
747,175.0,1.66,1,Buchenavia tomentosa,Helianthus microcephalus,Plagiobothrys tener
748,405.7,1.11,1,Eschweilera sp,Helianthus microcephalus,Plagiobothrys tener
749,198.6,1.1,1,Gustavia hexapetala,Helianthus microcephalus,Plagiobothrys tener
750,302.2,1.26,1,Helicostylis scabra,Helianthus microcephalus,Plagiobothrys torreyi
751,215.0,1.42,1,Inga capitata,Helianthus microcephalus,Plagiobothrys torreyi
752,343.0,1.42,1,Iryanthera lancifolia,Helianthus microcephalus,Plagiobothrys torreyi
753,96.0,1.13,1,Licania blackii,Helianthus microcephalus,Plagiobothrys trachycarpus
754,,1.19,0,Licania heteromorpha,Helianthus microcephalus,Plagiobothrys uncinatus
755,204.7,0.91,1,Minquartia guianensis,Helianthus microcephalus,Plagiobothrys undulatus
756,,1.14,0,Nealchornea yapurensis,Helianthus microcephalus,Proboscidea althaeifolia
757,168.1,1.57,1,Otoba glycycarpa,Helianthus microcephalus,Proboscidea Schmidel
758,152.8,0.94,1,Pouteria filipes,Helianthus microcephalus,Proboscidea sabulosa
759,83.0,0.82,1,Protium glabrescens,Helianthus microcephalus,Proboscidea spicata
760,212.6,0.82,1,Ruptiliocarpon caracolito,Helianthus microcephalus,Ranunculus arvensis
761,53.9,1.2,1,Sacoglottis mattogrossensis,Helianthus microcephalus,Silene conica
762,339.2,1.73,1,Schistostemon reticulatum subsp reticulatum,Helianthus microcephalus,Spergula arvensis
763,53.2,0.37,1,Sloanea sp._9953(R2T),Helianthus microcephalus,Valerianella amarella
764,98.1,1.23,1,Talisia sp,Helianthus microcephalus,Valerianella carinata
765,116.3,1.41,1,Virola sebifera,Helianthus microcephalus,Valerianella chenopodiifolia
766,433.5,0.97,1,Vismia amazonica,Helianthus microcephalus,Valerianella dentata
767,216.7,0.65,1,Chimarrhis gentryana,Helianthus microcephalus,Valerianella eriocarpa
768,330.7,1.16,1,Couepia bracteosa,Helianthus microcephalus,Valerianella florifera
769,348.0,0.79,1,Helicostylis scabra,Helianthus microcephalus,Valerianella Mill.
770,133.3,1.81,1,Humiriastrum excelsum,Helianthus microcephalus,Valerianella locusta
771,259.6,1.11,1,Licania latifolia,Helianthus microcephalus,Valerianella longiflora
772,,0.57,0,Miconia punctata,Helianthus microcephalus,Valerianella nuttallii
773,133.4,0.53,1,Micropholis guyanensis,Helianthus microcephalus,Valerianella palmeri
774,162.0,2.09,1,Naucleopsis mello-barretoi,Helianthus microcephalus,Valerianella radiata
775,421.8,1.06,1,Osteophloeum platyspermum,Helianthus microcephalus,Valerianella stenocarpa
776,194.6,1.19,1,Parahancornia peruviana,Helianthus microcephalus,Valerianella texana
777,160.1,0.62,1,Pourouma bicolor,Helianthus microcephalus,Valerianella umbilicata
778,131.6,0.35,1,Pouteria filipes,Helianthus microcephalus,Veronica arvensis
779,71.4,0.86,1,Protium paniculatum,Helianthus microcephalus,Zea L.
780,226.0,1.41,1,Pseudolmedia rigida,Helianthus microcephalus,Zea mays
781,254.3,1.34,1,Rhigospira quadrangularis,Helianthus microcephalus,Zea mays
782,338.3,1.39,1,Tapirira obtusa,Helianthus microcephalus,Zea mays
783,230.4,1.06,1,Virola calophylla,Chrysophyllum cainito,Alysicarpus ovalifolius
784,272.3,0.79,1,Virola elongata,Chrysophyllum cainito,Castilleja ambigua
785,355.5,0.91,1,Amaioua corymbosa,Chrysophyllum cainito,Castilleja campestris
786,191.9,0.64,1,Amaioua guianensis,Chrysophyllum cainito,Castilleja victoriae
787,196.7,2.12,1,Ampelocera edentula,Chrysophyllum cainito,Cuscuta epithymum
788,,0.41,0,Bertholletia excelsa,Chrysophyllum cainito,Cuscuta pentagona
789,387.2,0.95,1,Brosimum alicastrum,Chrysophyllum cainito,Cuscuta pentagona
790,433.7,1.25,1,Brosimum guianense,Chrysophyllum cainito,Dalea adenopoda
791,,0.28,0,Brosimum lactescens,Chrysophyllum cainito,Dalea albiflora
792,172.1,1.05,1,Brosimum rubescens,Chrysophyllum cainito,Dalea aurea
793,232.7,0.71,1,Calophyllum brasiliense,Chrysophyllum cainito,Dalea austrotexana
794,157.5,0.68,1,Caraipa myrcioides,Chrysophyllum cainito,Dalea bartonii
795,373.8,1.21,1,Casearia javitensis,Chrysophyllum cainito,Dalea bicolor
796,104.2,1.05,1,Clarisia racemosa,Chrysophyllum cainito,Dalea bicolor
797,,0.5,0,Conceveiba guianensis,Chrysophyllum cainito,Dalea brachystachya
798,496.9,0.8,1,Cupania scrobiculata,Chrysophyllum cainito,Dalea cahaba
799,439.4,0.44,1,Dialium guianense,Chrysophyllum cainito,Dalea candida
800,278.4,0.61,1,Diospyros melinonii,Chrysophyllum cainito,Dalea carthagenensis
801,110.6,1.79,1,Enterolobium schomburgkii,Chrysophyllum cainito,Dalea candida
802,323.2,0.96,1,Eschweilera coriacea,Chrysophyllum cainito,Dalea carthagenensis
803,160.8,1.15,1,Euterpe precatoria,Chrysophyllum cainito,Dalea carthagenensis
804,384.0,1.49,1,Ficus sp,Chrysophyllum cainito,Dalea candida
805,307.1,0.72,1,Heisteria acuminata,Chrysophyllum cainito,Dalea carthagenensis
806,,0.38,0,Helicostylis tomentosa,Chrysophyllum cainito,Dalea ceciliana
807,560.5,1.81,1,Huberodendron swietenioides,Chrysophyllum cainito,Dalea compacta
808,,0.89,0,Iriartea deltoidea,Chrysophyllum cainito,Dalea compacta
809,,1.03,0,Jacaranda copaia,Chrysophyllum cainito,Dalea compacta
810,352.8,0.49,1,Jacaranda obtusifolia,Chrysophyllum cainito,Dalea cylindriceps
811,354.1,0.55,1,Leonia racemosa,Chrysophyllum cainito,Dalea emarginata
812,96.0,0.86,1,Licania canescens,Chrysophyllum cainito,Dalea enneandra
813,136.8,0.6,1,Licaria aurea,Chrysophyllum cainito,Dalea exigua
814,,0.75,0,Macoubea guianensis,Chrysophyllum cainito,Dalea exserta
815,620.4,0.6,1,Matayba purgans,Chrysophyllum cainito,Dalea feayi
816,379.9,1.57,1,Miconia pyrifolia,Chrysophyllum cainito,Dalea filiformis
817,451.5,0.57,1,Miconia trinervia,Chrysophyllum cainito,Dalea flavescens
818,,0.51,0,Micropholis guyanensis,Chrysophyllum cainito,Dalea foliosa
819,287.5,0.71,1,Minquartia guianensis,Chrysophyllum cainito,Dalea frutescens
820,220.1,0.4,1,Mouriri apiranga,Chrysophyllum cainito,Dalea grayi
821,177.9,0.4,1,Mouriri nigra,Chrysophyllum cainito,Dalea greggii
822,,0.33,0,Nectandra pulverulenta,Chrysophyllum cainito,Dalea hallii
823,125.8,0.31,1,Nectandra viburnoides,Chrysophyllum cainito,Dalea jamesii
824,414.7,0.63,1,Neea divaricata,Chrysophyllum cainito,Dalea lachnostachys
825,244.3,0.43,1,Neea macrophylla,Chrysophyllum cainito,Dalea lanata
826,,0.37,0,Oenocarpus bataua,Chrysophyllum cainito,Dalea laniceps
827,197.6,0.83,1,Ouratea iquitosensis,Chrysophyllum cainito,Dalea lanata
828,,0.28,0,Pourouma guianensis,Chrysophyllum cainito,Dalea lanata
829,179.3,1.27,1,Pouteria caimito,Chrysophyllum cainito,Dalea leporina
830,193.2,0.99,1,Pouteria cladantha,Chrysophyllum cainito,Dalea L.
831,371.5,0.79,1,Pouteria torta,Chrysophyllum cainito,Dalea lumholtzii
832,201.8,1.05,1,Pouteria torta subsp tuberculata,Chrysophyllum cainito,Dalea mollis
833,175.8,1.23,1,Pseudolmedia laevigata,Chrysophyllum cainito,Dalea mollissima
834,142.0,1.31,1,Roucheria columbiana,Chrysophyllum cainito,Dalea multiflora
835,171.0,0.64,1,Sarcaulus brasiliensis,Chrysophyllum cainito,Dalea nana
836,,0.22,0,SiparuNAdecipiens,Chrysophyllum cainito,Dalea nana
837,159.7,0.57,1,Sloanea brevipes,Chrysophyllum cainito,Dalea nana
838,437.8,0.73,1,Sloanea fragrans,Chrysophyllum cainito,Dalea neomexicana
839,424.7,1.56,1,Sterculia tessmannii,Chrysophyllum cainito,Dalea neomexicana
840,,0.4,0,Symphonia globulifera,Chrysophyllum cainito,Dalea neomexicana
841,,0.45,0,Tachigali bracteosa,Chrysophyllum cainito,Dalea ornata
842,476.5,1.28,1,Tachigali polyphylla,Chrysophyllum cainito,Dalea phleoides
843,200.9,0.9,1,Tachigali sp,Chrysophyllum cainito,Dalea phleoides
844,259.4,0.57,1,Talisia cupularis,Chrysophyllum cainito,Dalea phleoides
845,210.1,1.39,1,Tetragastris panamensis,Chrysophyllum cainito,Dalea pogonathera
846,237.9,0.61,1,Theobroma speciosum,Chrysophyllum cainito,Dalea polygonoides
847,311.4,0.53,1,Thyrsodium spruceanum,Chrysophyllum cainito,Dalea pogonathera
848,363.7,0.81,1,Virola calophylla,Chrysophyllum cainito,Dalea pogonathera
849,228.4,0.25,1,Amaioua corymbosa,Chrysophyllum cainito,Dalea pringlei
850,253.6,0.64,1,Amaioua guianensis,Chrysophyllum cainito,Dalea pulchra
851,368.8,0.61,1,AnnoNAfoetida,Chrysophyllum cainito,Dalea purpurea
852,,0.28,0,Aspidosperma tambopatense,Chrysophyllum cainito,Dalea purpurea
853,264.9,1.37,1,Brosimum alicastrum,Chrysophyllum cainito,Dalea purpurea
854,542.9,0.3,1,Brosimum lactescens,Chrysophyllum cainito,Dalea reverchonii
855,215.1,0.37,1,Caraipa myrcioides,Chrysophyllum cainito,Dalea sabinalis
856,,0.4,0,Castilla ulei,Chrysophyllum cainito,Dalea scandens
857,533.3,0.69,1,Cecropia sciadophylla,Chrysophyllum cainito,Dalea scariosa
858,160.7,1.62,1,Celtis schippii,Chrysophyllum cainito,Dalea scandens
859,317.0,1.54,1,Clarisia racemosa,Chrysophyllum cainito,Dalea searlsiae
860,340.9,0.51,1,Coccoloba densifrons,Chrysophyllum cainito,Dalea tenuifolia
861,495.3,0.49,1,Dialium guianense,Chrysophyllum cainito,Dalea tenuis
862,444.3,0.29,1,Endlicheria formosa,Chrysophyllum cainito,Dalea urceolata
863,269.3,0.72,1,Eschweilera coriacea,Chrysophyllum cainito,Dalea versicolor
864,337.3,0.58,1,Eugenia ochrophloea,Chrysophyllum cainito,Dalea versicolor
865,143.6,0.98,1,Euterpe precatoria,Chrysophyllum cainito,Dalea versicolor
866,317.5,1.48,1,Ficus schultesii,Chrysophyllum cainito,Dalea villosa
867,424.4,0.45,1,Guarea glabra,Chrysophyllum cainito,Dalea villosa
868,404.8,0.49,1,Guarea kunthiana,Chrysophyllum cainito,Dalea villosa
869,337.2,0.66,1,Guarea macrophylla,Chrysophyllum cainito,Dalea wrightii
870,246.9,0.32,1,Hirtella excelsa,Chrysophyllum cainito,Dalea wrightii
871,459.1,1.15,1,Inga alba,Chrysophyllum cainito,Dorycnium hirsutum
872,593.6,0.88,1,Iryanthera juruensis,Chrysophyllum cainito,Kummerowia stipulacea
873,346.5,0.74,1,Iryanthera laevis,Chrysophyllum cainito,Kummerowia striata
874,248.4,0.22,1,Leonia racemosa,Chrysophyllum cainito,Leptosiphon montanus
875,369.1,0.3,1,Lindackeria paludosa,Chrysophyllum cainito,Marsilea ancylopoda
876,444.6,0.93,1,Maquira guianensis,Chrysophyllum cainito,Marina calycosa
877,256.4,0.3,1,Minquartia guianensis,Chrysophyllum cainito,Marina diffusa
878,313.6,0.62,1,Myroxylon balsamum,Chrysophyllum cainito,Marsilea hirsuta
879,576.0,0.54,1,Nectandra pulverulenta,Chrysophyllum cainito,Marsilea macropoda
880,384.6,0.75,1,Nectandra viburnoides,Chrysophyllum cainito,Marsilea minuta
881,865.6,0.74,1,Neea divaricata,Chrysophyllum cainito,Marsilea mollis
882,299.9,0.35,1,Neea macrophylla,Chrysophyllum cainito,Marsilea mutica
883,565.1,0.96,1,Pourouma cecropiifolia,Chrysophyllum cainito,Marsilea oligospora
884,296.7,0.55,1,Pourouma guianensis,Chrysophyllum cainito,Marina orcuttii
885,404.2,0.35,1,Pourouma minor,Chrysophyllum cainito,Marina parryi
886,395.2,0.66,1,Pouteria bangii,Chrysophyllum cainito,Marsilea polycarpa
887,413.5,0.68,1,Pouteria caimito,Chrysophyllum cainito,Marsilea quadrifolia
888,510.0,1.24,1,Pouteria cladantha,Chrysophyllum cainito,Marina Liebm.
889,401.9,0.73,1,Pouteria torta,Chrysophyllum cainito,Marsilea L.
890,,0.86,0,Prunus detrita,Chrysophyllum cainito,Marsilea vestita
891,199.3,0.57,1,Pseudolmedia laevis,Chrysophyllum cainito,Marsilea villosa
892,195.2,2.08,1,Pterocarpus rohrii,Chrysophyllum cainito,Melilotus altissimus
893,369.7,1.3,1,Rollinia centrantha,Chrysophyllum cainito,Melilotus elegans
894,196.1,0.23,1,Ruizodendron ovale,Chrysophyllum cainito,Melilotus indicus
895,255.7,0.28,1,Sarcaulus brasiliensis,Chrysophyllum cainito,Melilotus Mill.
896,483.1,0.89,1,Simarouba amara,Chrysophyllum cainito,Medicago minima
897,407.9,0.46,1,SiparuNAdecipiens,Chrysophyllum cainito,Melilotus officinalis
898,289.5,1.08,1,Sloanea fragrans,Chrysophyllum cainito,Medicago polymorpha
899,250.9,0.3,1,Sloanea obtusifolia,Chrysophyllum cainito,Medicago rigidula
900,216.0,0.9,1,Sorocea pileata,Chrysophyllum cainito,Melilotus suaveolens
901,361.3,1.67,1,Sorocea trophoides,Chrysophyllum cainito,Melilotus sulcatus
902,821.0,0.44,1,Swartzia arborescens,Chrysophyllum cainito,Medicago truncatula
903,459.2,0.54,1,Symphonia globulifera,Chrysophyllum cainito,Melilotus wolgicus
904,394.4,1.34,1,Tachigali bracteosa,Chrysophyllum cainito,Orthocarpus barbatus
905,460.2,0.5,1,Tapirira guianensis,Chrysophyllum cainito,Orthocarpus bracteosus
906,233.5,0.4,1,Tapura acreana,Chrysophyllum cainito,Orthocarpus cuspidatus
907,228.5,0.53,1,Tapura juruana,Chrysophyllum cainito,Orthocarpus cuspidatus
908,101.4,0.45,1,Tetragastris altissima,Chrysophyllum cainito,Orthocarpus cuspidatus
909,244.3,0.8,1,Tetragastris panamensis,Chrysophyllum cainito,Orthocarpus cuspidatus
910,251.3,0.54,1,Theobroma speciosum,Chrysophyllum cainito,Orthocarpus imbricatus
911,374.2,0.58,1,Thyrsodium spruceanum,Chrysophyllum cainito,Orthocarpus luteus
912,419.8,0.53,1,Trichilia septentrionalis,Chrysophyllum cainito,Orthocarpus pachystachyus
913,374.0,0.22,1,Trigynaea duckei,Chrysophyllum cainito,Orthocarpus purpureoalbus
914,206.6,0.36,1,Triplaris peruviana,Chrysophyllum cainito,Orthocarpus tenuifolius
915,611.2,0.23,1,Triplaris setosa,Chrysophyllum cainito,Orthocarpus Nutt.
916,522.2,0.59,1,Unonopsis matthewsii,Chrysophyllum cainito,Orthocarpus tolmiei
917,279.8,0.57,1,Virola calophylla,Chrysophyllum cainito,Orthocarpus tolmiei
918,481.0,1.18,1,Virola surinamensis,Chrysophyllum cainito,Orthocarpus tolmiei
919,294.0,1.23,1,Zanthoxylum acreanum,Chrysophyllum cainito,Richardia brasiliensis
920,218.4,0.98,1,Glycydendron amazonicum,Chrysophyllum cainito,Richardia L.
921,379.9,1.33,1,Laetia procera,Chrysophyllum cainito,Richardia grandiflora
922,438.5,1.37,1,Nectandra purpurea,Chrysophyllum cainito,Richardia humistrata
923,410.4,1.21,1,Ocotea sp,Chrysophyllum cainito,Richardia scabra
924,77.8,0.66,1,Pourouma minor,Chrysophyllum cainito,Richardia tricocca
925,225.8,0.79,1,Pseudolmedia macrophylla,Chrysophyllum cainito,Tetrazygia bicolor
926,286.5,0.81,1,Thyrsodium sp,Chrysophyllum cainito,Tetrazygia biflora
927,423.4,1.36,1,Trattinnickia glaziovii,Chrysophyllum cainito,Tetrazygia crotonifolia
928,1038.1,1.07,1,Aconitum delphinifolium,Chrysophyllum cainito,Tetrazygia Rich.
929,642.4,2.0,1,Anemone parviflora,Chrysophyllum cainito,Trifolium africanum
930,728.2,1.79,1,Arctostaphylos alpina,Chrysophyllum cainito,Trifolium alpestre
931,625.5,3.63,1,Artemisia alaskana,Chrysophyllum cainito,Trifolium alpinum
932,993.3,3.45,1,Astragalus umbellatus,Chrysophyllum cainito,Trifolium albopurpureum
933,638.1,3.29,1,Calamagrostis canadensis,Chrysophyllum cainito,Trifolium alexandrinum
934,346.1,1.66,1,Carex aquatilis,Chrysophyllum cainito,Trifolium ambiguum
935,232.3,1.97,1,Carex bigelowii,Chrysophyllum cainito,Trifolium amabile
936,243.8,2.13,1,Carex saxatilis,Chrysophyllum cainito,Trifolium amoenum
937,296.3,1.96,1,Dryas integrifolia,Chrysophyllum cainito,Trifolium andersonii
938,352.1,3.03,1,Dryas octopetala,Chrysophyllum cainito,Trifolium andinum
939,616.8,2.43,1,Elymus trachycaulus,Chrysophyllum cainito,Trifolium angustifolium
940,958.0,3.34,1,Epilobium latifolium,Chrysophyllum cainito,Trifolium andersonii
941,280.9,7.39,1,Equisetum arvense,Chrysophyllum cainito,Trifolium andinum
942,569.4,3.84,1,Eriophorum angustifolium,Chrysophyllum cainito,Trifolium andersonii
943,261.9,4.03,1,Eriophorum vaginatum,Chrysophyllum cainito,Trifolium andersonii
944,205.2,2.52,1,Festuca rubra,Chrysophyllum cainito,Trifolium andinum
945,515.1,2.27,1,GentiaNAglauca,Chrysophyllum cainito,Trifolium apertum
946,438.5,3.46,1,Geum glaciale,Chrysophyllum cainito,Trifolium argutum
947,1156.1,3.55,1,Hedysarum alpinum,Chrysophyllum cainito,Trifolium arvense
948,235.8,3.91,1,Kobresia sibirica,Chrysophyllum cainito,Trifolium attenuatum
949,109.2,3.44,1,Ledum palustre,Chrysophyllum cainito,Trifolium aureum
950,1620.9,2.92,1,Oxytropis deflexa,Chrysophyllum cainito,Trifolium barbigerum
951,382.3,6.13,1,Oxytropis nigrescens,Chrysophyllum cainito,Trifolium barnebyi
952,583.8,5.29,1,Petasites frigidus,Chrysophyllum cainito,Trifolium barbigerum
953,355.5,4.63,1,Polygonum bistorta,Chrysophyllum cainito,Trifolium barbigerum
954,603.6,2.29,1,Potentilla fruiticosa,Chrysophyllum cainito,Trifolium beckwithii
955,1133.6,2.83,1,Potentilla nivea,Chrysophyllum cainito,Trifolium bejariense
956,1108.1,3.05,1,Potentilla palustris,Chrysophyllum cainito,Trifolium berytheum
957,189.6,2.63,1,Rhododendron lapponicum,Chrysophyllum cainito,Trifolium bifidum
958,624.0,4.29,1,Salix glauca,Chrysophyllum cainito,Trifolium billardierei
959,602.1,4.31,1,Salix pulchra,Chrysophyllum cainito,Trifolium bocconei
960,608.6,4.84,1,Salix reticulata,Chrysophyllum cainito,Trifolium boissieri
961,280.3,2.56,1,Saussurea angustifolia               ,Chrysophyllum cainito,Trifolium bolanderi
962,625.1,2.28,1,Spiraea beauverdiana,Chrysophyllum cainito,Trifolium brandegeei
963,426.9,3.62,1,Vaccinium uliginosum,Chrysophyllum cainito,Trifolium breweri
964,79.5,1.63,1,Vaccinium vitis-idaea,Chrysophyllum cainito,Trifolium buckwestiorum
965,209.3,4.33,1,Brunellia inermis,Chrysophyllum cainito,Trifolium burchellianum
966,347.1,2.77,1,Clethra cuneata,Chrysophyllum cainito,Trifolium calcaricum
967,241.4,3.76,1,Ilex sessiliflora,Chrysophyllum cainito,Trifolium canescens
968,442.4,3.44,1,Miconia atrofusca,Chrysophyllum cainito,Trifolium campestre
969,322.4,3.7,1,Miconia setulosa,Chrysophyllum cainito,Trifolium carolinianum
970,305.9,2.39,1,Miconia sp,Chrysophyllum cainito,Trifolium cernuum
971,,1.75,0,Myrsine andina,Chrysophyllum cainito,Trifolium cheranganiense
972,137.5,1.22,1,Persea ferruginea,Chrysophyllum cainito,Trifolium chilense
973,87.6,0.8,1,Prunus huantensis,Chrysophyllum cainito,Trifolium ciliolatum
974,613.4,3.43,1,Senecio sp,Chrysophyllum cainito,Trifolium clypeatum
975,105.5,2.09,1,Symplocos psiloclada,Chrysophyllum cainito,Trifolium cyathiferum
976,219.5,1.99,1,Symplocos quitensis,Chrysophyllum cainito,Trifolium dasyphyllum
977,439.0,2.9,1,Weinmannia microphylla,Chrysophyllum cainito,Trifolium dalmaticum
978,178.6,1.53,1,Citronella incarum,Chrysophyllum cainito,Trifolium dasyphyllum
979,277.1,1.9,1,Clethra cuneata,Chrysophyllum cainito,Trifolium dasyphyllum
980,401.0,2.32,1,Freziera karsteniana,Chrysophyllum cainito,Trifolium dasyphyllum
981,141.2,1.27,1,Ilex sessiliflora,Chrysophyllum cainito,Trifolium depauperatum
982,107.2,1.39,1,Miconia floribunda,Chrysophyllum cainito,Trifolium dedeckerae
983,296.7,1.71,1,Myrsine coriacea,Chrysophyllum cainito,Trifolium depauperatum
984,267.8,0.96,1,Persea buchtienii,Chrysophyllum cainito,Trifolium depauperatum
985,129.4,0.91,1,Weinmannia auriculata,Chrysophyllum cainito,Trifolium depauperatum
986,44.6,3.2,1,Alchornea acutifolia,Chrysophyllum cainito,Trifolium depauperatum
987,256.5,2.77,1,Alchornea anamariae,Chrysophyllum cainito,Trifolium diffusum
988,308.3,1.4,1,CinchoNAofficinalis,Chrysophyllum cainito,Trifolium dichotomum
989,83.9,1.35,1,Clethra scabra,Chrysophyllum cainito,Trifolium douglasii
990,496.7,2.05,1,Hieronyma macrocarpa,Chrysophyllum cainito,Trifolium dubium
991,204.2,3.76,1,Ilex sessiliflora,Chrysophyllum cainito,Trifolium echinatum
992,425.0,1.37,1,Miconia coelestis,Chrysophyllum cainito,Trifolium echinatum
993,43.8,2.24,1,Miconia egensis,Chrysophyllum cainito,Trifolium eriocephalum
994,165.2,1.94,1,Prunus integrifolia,Chrysophyllum cainito,Trifolium eriosphaerum
995,280.5,1.37,1,Ruagea subviridiflora,Chrysophyllum cainito,Trifolium eriocephalum
996,137.7,1.1,1,Alchornea anamariae,Chrysophyllum cainito,Trifolium eriocephalum
997,819.0,1.98,1,Alzatea verticillata subsp verticilla,Chrysophyllum cainito,Trifolium eriocephalum
998,158.2,1.08,1,Clethra fagifolia,Chrysophyllum cainito,Trifolium eriocephalum
999,,1.18,0,Cupania rubiginosa,Chrysophyllum cainito,Trifolium eriocephalum
1000,285.7,1.57,1,Elaeagia mariae,Chrysophyllum cainito,Trifolium eriocephalum
1001,231.3,2.58,1,Ficus americana,Chrysophyllum cainito,Triphysaria floribunda
1002,139.9,1.15,1,Guatteria terminalis,Chrysophyllum cainito,Trifolium fragiferum
1003,285.8,0.7,1,Ilex rimbachii,Chrysophyllum cainito,Trifolium friscanum
1004,236.9,1.57,1,Miconia sp,Chrysophyllum cainito,Trifolium fucatum
1005,106.3,1.45,1,Myrcia fallax,Chrysophyllum cainito,Trifolium gemellum
1006,242.6,1.96,1,Myrcia mollis,Chrysophyllum cainito,Trifolium globosum
1007,312.3,1.8,1,Nectandra cuspidata,Chrysophyllum cainito,Trifolium glomeratum
1008,252.6,1.12,1,Nectandra laurel,Chrysophyllum cainito,Trifolium glanduliferum
1009,189.5,1.27,1,Panopsis rubescens,Chrysophyllum cainito,Trifolium grandiflorum
1010,170.2,1.09,1,Prunus pleiantha,Chrysophyllum cainito,Trifolium gracilentum
1011,159.2,1.54,1,Roupala monosperma,Chrysophyllum cainito,Trifolium gracilentum
1012,180.0,2.13,1,Schefflera patula,Chrysophyllum cainito,Trifolium gracilentum
1013,109.1,0.82,1,SiphoneugeNAsp,Chrysophyllum cainito,Trifolium gymnocarpon
1014,,0.35,0,Tapirira obtusa,Chrysophyllum cainito,Trifolium gymnocarpon
1015,501.5,1.51,1,Vismia schultesii,Chrysophyllum cainito,Trifolium gymnocarpon
1016,255.1,1.01,1,Adenanthos cygnorum,Chrysophyllum cainito,Trifolium haydenii
1017,178.9,3.11,1,Andersonia heterophylla,Chrysophyllum cainito,Trifolium haussknechtii
1018,203.6,1.6,1,Astroloma xerophyllum,Chrysophyllum cainito,Trifolium heldreichianum
1019,466.9,1.8,1,Banksia attenuata,Chrysophyllum cainito,Trifolium hirtum
1020,267.2,1.81,1,Banksia menziesii,Chrysophyllum cainito,Trifolium howellii
1021,445.2,1.85,1,Bossiaea eriocarpa,Chrysophyllum cainito,Trifolium hybridum
1022,282.6,1.83,1,Calytrix flavescens,Chrysophyllum cainito,Trifolium L.
1023,234.9,1.81,1,Conostephium pendulum,Chrysophyllum cainito,Trifolium incarnatum
1024,347.2,1.8,1,Eremaea pauciflora,Chrysophyllum cainito,Triphysaria Fisch.
1025,338.6,1.07,1,Hibbertia huegelii,Chrysophyllum cainito,Trifolium israeliticum
1026,340.1,1.83,1,Hibbertia subvaginata,Chrysophyllum cainito,Trifolium jokerstii
1027,295.6,2.62,1,Jacksonia floribunda,Chrysophyllum cainito,Trifolium kingii
1028,213.0,1.74,1,Leucopogon conostephioides,Chrysophyllum cainito,Trifolium kingii
1029,140.0,2.69,1,Lyginia barbata,Chrysophyllum cainito,Trifolium kingii
1030,183.6,0.96,1,Macrozamia riedlei,Chrysophyllum cainito,Trifolium lappaceum
1031,232.5,2.69,1,Melaleuca acerosa,Chrysophyllum cainito,Trifolium latifolium
1032,134.3,2.24,1,Nuytsia floribunda,Chrysophyllum cainito,Trifolium leibergii
1033,195.4,1.89,1,Patersonia occidentalis,Chrysophyllum cainito,Trifolium lemmonii
1034,196.5,2.45,1,Persoonia saccata,Chrysophyllum cainito,Trifolium ligusticum
1035,190.5,3.39,1,Petrophile linearis,Chrysophyllum cainito,Trifolium longipes
1036,470.8,1.47,1,Regelia ciliata,Chrysophyllum cainito,Trifolium longipes
1037,379.7,1.79,1,Scholtzia involucrata,Chrysophyllum cainito,Trifolium longipes
1038,255.2,2.08,1,Stirlingia latifolia,Chrysophyllum cainito,Trifolium longipes
1039,304.3,2.02,1,Verticordia nitens,Chrysophyllum cainito,Trifolium longipes
1040,114.4,2.32,1,Xanthorrhoea preissii,Chrysophyllum cainito,Trifolium longipes
1041,222.4,0.45,1,Anopterus glandulosus,Chrysophyllum cainito,Trifolium longipes
1042,323.0,1.13,1,Atherosperma moschatum,Chrysophyllum cainito,Trifolium longipes
1043,156.7,0.78,1,Eucryphia lucida,Chrysophyllum cainito,Trifolium longipes
1044,503.6,2.32,1,Leptospermum lanigerum,Chrysophyllum cainito,Trifolium longipes
1045,423.5,3.38,1,Notelaea ligustrina,Chrysophyllum cainito,Trifolium longipes
1046,216.8,1.47,1,Nothofagus cunninghamii,Chrysophyllum cainito,Trifolium longipes
1047,198.4,1.96,1,Phyllocladus asplenifolius,Chrysophyllum cainito,Trifolium lupinaster
1048,266.0,1.13,1,Pittosporum bicolor,Chrysophyllum cainito,Trifolium lugardii
1049,150.6,0.88,1,Pomaderris apetala,Chrysophyllum cainito,Trifolium masaiense
1050,398.8,1.57,1,Melaleuca squarrosa,Chrysophyllum cainito,Trifolium macraei
1051,280.3,0.81,1,Tasmannia lanceolata,Chrysophyllum cainito,Trifolium macrocephalum
1052,639.3,4.61,1,Acacia dealbata,Chrysophyllum cainito,Trifolium medium
1053,475.8,1.59,1,Acacia melanoxylon,Chrysophyllum cainito,Trifolium meduseum
1054,360.0,2.02,1,Eucalyptus obiqua,Chrysophyllum cainito,Trifolium michelianum
1055,481.2,3.03,1,CinchoNAofficinalis,Chrysophyllum cainito,Triphysaria micrantha
1056,,1.0,0,Clethra cuneata,Chrysophyllum cainito,Trifolium micranthum
1057,857.8,2.24,1,Escallonia paniculata,Chrysophyllum cainito,Trifolium miegeanum
1058,176.0,2.16,1,Miconia coelestis,Chrysophyllum cainito,Trifolium minutissimum
1059,224.0,1.18,1,Oreopanax sp,Chrysophyllum cainito,Trifolium microcephalum
1060,176.4,1.73,1,Schefflera sp,Chrysophyllum cainito,Trifolium microdon
1061,146.6,1.67,1,Styrax foveolaria,Chrysophyllum cainito,Trifolium michelianum
1062,447.3,1.27,1,Acacia floribunda,Chrysophyllum cainito,Trifolium montanum
1063,265.2,1.19,1,AllocasuariNAsp,Chrysophyllum cainito,Trifolium monanthum
1064,794.8,0.7,1,Astrotricha floccosa,Chrysophyllum cainito,Trifolium monanthum
1065,282.3,0.32,1,Correa reflexa,Chrysophyllum cainito,Trifolium monanthum
1066,1489.5,1.03,1,Dodonaea triquetra,Chrysophyllum cainito,Trifolium monanthum
1067,419.4,0.79,1,Eucalyptus paniculata,Chrysophyllum cainito,Trifolium monanthum
1068,243.2,1.12,1,Eucalyptus umbra,Chrysophyllum cainito,Trifolium mucronatum
1069,359.2,0.48,1,Lasiopetalum ferrugineum,Chrysophyllum cainito,Trifolium mucronatum
1070,435.3,1.3,1,Leptospermum polygalifolium,Chrysophyllum cainito,Trifolium nanum
1071,216.1,0.81,1,Lomatia silaifolia,Chrysophyllum cainito,Trifolium neurophyllum
1072,166.8,1.2,1,Macrozamia communis,Chrysophyllum cainito,Trifolium nigrescens
1073,220.7,0.71,1,Persoonia linearis,Chrysophyllum cainito,Trifolium obtusiflorum
1074,381.0,0.56,1,Pomaderris ferruginea,Chrysophyllum cainito,Trifolium ochroleucum
1075,587.0,0.87,1,Pultenaea daphnoides,Chrysophyllum cainito,Trifolium oliganthum
1076,586.6,1.15,1,Pultenaea flexilis,Chrysophyllum cainito,Trifolium olivaceum
1077,358.1,0.91,1,Syncarpia glomulifera,Chrysophyllum cainito,Trifolium ornithopodioides
1078,410.3,0.78,1,Synoum glandulosum,Chrysophyllum cainito,Trifolium owyheense
1079,369.2,0.64,1,Xylomelum pyriforme,Chrysophyllum cainito,Trifolium palaestinum
1080,224.0,1.45,1,Acacia suaveolens,Chrysophyllum cainito,Trifolium pannonicum
1081,575.4,0.97,1,Banksia marginata,Chrysophyllum cainito,Trifolium parryi
1082,254.0,1.1,1,Boronia ledifolia,Chrysophyllum cainito,Trifolium parryi
1083,366.8,1.22,1,Corymbia gummifera,Chrysophyllum cainito,Trifolium parryi
1084,313.8,1.25,1,Eriostemon australasius,Chrysophyllum cainito,Trifolium parryi
1085,274.8,1.17,1,Eucalyptus haemastoma,Chrysophyllum cainito,Trifolium philistaeum
1086,256.1,1.55,1,Gompholobium grandiflorum,Chrysophyllum cainito,Trifolium piorkowskii
1087,378.6,1.62,1,Grevillea buxifolia,Chrysophyllum cainito,Trifolium pinetorum
1088,262.9,1.3,1,Grevillea speciosa,Chrysophyllum cainito,Trifolium plumosum
1089,266.2,1.15,1,Hakea dactyloides,Chrysophyllum cainito,Trifolium plumosum
1090,209.7,1.64,1,Hakea teretifolia,Chrysophyllum cainito,Trifolium plumosum
1091,272.1,0.89,1,Hibbertia bracteata,Chrysophyllum cainito,Trifolium polymorphum
1092,189.8,0.88,1,Lambertia formosa,Chrysophyllum cainito,Trifolium pratense
1093,200.8,1.6,1,Leptospermum trinervium,Chrysophyllum cainito,Trifolium productum
1094,210.4,0.56,1,Persoonia levis,Chrysophyllum cainito,Trifolium purpureum
1095,357.1,1.79,1,Phyllota phylicoides,Chrysophyllum cainito,Triphysaria pusilla
1096,636.9,1.32,1,Pimelea linifolia,Chrysophyllum cainito,Trifolium retusum
1097,563.7,1.5,1,Acacia doratoxylon,Chrysophyllum cainito,Trifolium reflexum
1098,345.9,1.42,1,Acacia oswaldii,Chrysophyllum cainito,Trifolium repens
1099,,2.99,0,Atriplex stipitata,Chrysophyllum cainito,Trifolium resupinatum
1100,562.1,0.73,1,Brachychiton populneus,Chrysophyllum cainito,Trifolium rollinsii
1101,153.4,0.98,1,Callitris glaucophylla,Chrysophyllum cainito,Trifolium rueppellianum
1102,630.0,2.39,1,Dodonaea viscosa,Chrysophyllum cainito,Trifolium scabrum
1103,459.8,1.64,1,Eremophila glabra,Chrysophyllum cainito,Trifolium scutatum
1104,336.1,1.85,1,Eremophila mitchelli,Chrysophyllum cainito,Trifolium semipilosum
1105,814.9,1.25,1,Eucalyptus intertexta,Chrysophyllum cainito,Trifolium siskiyouense
1106,348.9,1.09,1,Geijera parviflora,Chrysophyllum cainito,Trifolium spadiceum
1107,224.6,1.32,1,Hakea tephrosperma,Chrysophyllum cainito,Trifolium spumosum
1108,1595.6,1.37,1,Helichrysum apiculatum,Chrysophyllum cainito,Trifolium squamosum
1109,292.8,2.92,1,Melaleuca uncinata,Chrysophyllum cainito,Trifolium stellatum
1110,342.8,1.9,1,Olearia pimelioides,Chrysophyllum cainito,Trifolium steudneri
1111,242.6,3.69,1,Philotheca difformis,Chrysophyllum cainito,Trifolium stoloniferum
1112,989.4,2.18,1,Pimelea microcephala,Chrysophyllum cainito,Trifolium striatum
1113,296.3,4.55,1,SenNAartemisioides,Chrysophyllum cainito,Trifolium suffocatum
1114,807.6,1.74,1,Solanum ferocissimum,Chrysophyllum cainito,Trifolium subterraneum
1115,1016.6,3.7,1,Spartothamnella puberula,Chrysophyllum cainito,Trifolium subterraneum
1116,136.2,2.0,1,Acacia colletioides,Chrysophyllum cainito,Trifolium subterraneum
1117,243.9,3.26,1,Acacia havilandiorum,Chrysophyllum cainito,Trifolium tembense
1118,556.1,1.82,1,Acacia wilhelmiana,Chrysophyllum cainito,Trifolium thompsonii
1119,285.1,1.82,1,Bertya cunninghamii,Chrysophyllum cainito,Trifolium tomentosum
1120,283.7,1.46,1,Beyeria opaca,Chrysophyllum cainito,Trifolium trichocalyx
1121,217.5,2.58,1,Bossiaea walkeri,Chrysophyllum cainito,Trifolium uniflorum
1122,443.8,0.68,1,Brachychiton populneus,Chrysophyllum cainito,Trifolium variegatum
1123,446.6,1.79,1,Cassinia laevis,Chrysophyllum cainito,Trifolium vavilovii
1124,290.3,1.27,1,Eremophila deserti,Chrysophyllum cainito,Trifolium vesiculosum
1125,477.4,1.96,1,Eremophila glabra,Chrysophyllum cainito,Triphysaria versicolor
1126,331.3,1.29,1,Eucalyptus dumosa,Chrysophyllum cainito,Triphysaria versicolor
1127,426.8,1.53,1,Eucalyptus socialis,Chrysophyllum cainito,Triphysaria versicolor
1128,549.2,1.62,1,Eutaxia microphylla,Chrysophyllum cainito,Trifolium virginicum
1129,407.2,1.52,1,Grevillea aneura,Chrysophyllum cainito,Trifolium willdenovii
1130,187.8,2.82,1,Melaleuca uncinata,Chrysophyllum cainito,Trifolium wormskioldii
1131,166.2,1.44,1,Micromyrtus sessilis,Chrysophyllum cainito,Verbena cloverae
1132,489.4,1.6,1,Olearia decurrens,Chrysophyllum cainito,Vicia pulchella
1133,455.6,1.61,1,Olearia pimelioides,Podophyllum peltatum,Alysicarpus ovalifolius
1134,409.1,2.42,1,Philotheca difformis,Podophyllum peltatum,Castilleja ambigua
1135,126.0,1.34,1,Santalum acuminatum,Podophyllum peltatum,Castilleja campestris
1136,,3.16,0,Triodia scabra,Podophyllum peltatum,Castilleja victoriae
