Pot ID,Genus,Species,Soil moisture,Diversity level,Species combination,Species_n,LA,SA,Huber value,,,,
3,Acer,A. pseudoplatanus,dry,mix3,A.p.-C.b.-F.e.,2,0.206,0.859,0.246,,,,
7,Acer,A. pseudoplatanus,moist,mix3,A.p.-C.b.-F.e.,2,0.162,0.755,0.227,,,,
8,Acer,A. pseudoplatanus,moist,mix3,A.p.-F.s.-F.e.,2,0.389,1.415,0.276,,,,
10,Acer,A. pseudoplatanus,moist,mix3,A.p.-C.b.-T.c.,1,0.128,0.683,0.187,,,,
13,Acer,A. pseudoplatanus,dry,mix3,A.p.-F.s.-F.e.,1,0.131,0.677,0.194,,,,
14,Acer,A. pseudoplatanus,moist,mix3,A.p.-C.b.-F.e.,1,0.118,0.628,0.189,,,,
24,Acer,A. pseudoplatanus,dry,mono,A.p.,5,0.226,1.045,0.216,,,,
31,Acer,A. pseudoplatanus,dry,mix3,A.p.-F.s.-F.e.,1,0.135,0.518,0.260,,,,
34,Acer,A. pseudoplatanus,moist,mono,A.p.,5,0.190,0.944,0.196,,,,
35,Acer,A. pseudoplatanus,moist,mix3,A.p.-C.b.-T.c.,2,0.127,0.669,0.190,,,,
37,Acer,A. pseudoplatanus,moist,mix5,A.p.-C.b.-F.s.-F.e.-T.c.,1,0.170,0.940,0.181,,,,
39,Acer,A. pseudoplatanus,dry,mix3,A.p.-C.b.-F.e.,2,0.198,0.833,0.238,,,,
44,Acer,A. pseudoplatanus,moist,mix3,A.p.-C.b.-T.c.,2,0.117,0.832,0.135,,,,
50,Acer,A. pseudoplatanus,dry,mix5,A.p.-C.b.-F.s.-F.e.-T.c.,1,0.053,0.329,0.160,,,,
51,Acer,A. pseudoplatanus,dry,mix3,A.p.-C.b.-F.e.,1,0.070,0.480,0.146,,,,
56,Acer,A. pseudoplatanus,moist,mix3,A.p.-C.b.-T.c.,2,0.103,0.543,0.182,,,,
60,Acer,A. pseudoplatanus,moist,mix3,A.p.-C.b.-F.e.,1,0.083,0.510,0.162,,,,
63,Acer,A. pseudoplatanus,dry,mono,A.p.,5,0.154,0.761,0.201,,,,
64,Acer,A. pseudoplatanus,moist,mix5,A.p.-C.b.-F.s.-F.e.-T.c.,1,0.150,0.922,0.163,,,,
65,Acer,A. pseudoplatanus,moist,mono,A.p.,5,0.173,1.129,0.155,,,,
68,Acer,A. pseudoplatanus,dry,mix5,A.p.-C.b.-F.s.-F.e.-T.c.,1,0.137,0.604,0.227,,,,
69,Acer,A. pseudoplatanus,moist,mono,A.p.,5,0.223,1.056,0.198,,,,
74,Acer,A. pseudoplatanus,dry,mix3,A.p.-C.b.-T.c.,2,0.097,0.718,0.133,,,,
75,Acer,A. pseudoplatanus,moist,mix3,A.p.-C.b.-T.c.,2,0.159,1.004,0.168,,,,
77,Acer,A. pseudoplatanus,moist,mix5,A.p.-C.b.-F.s.-F.e.-T.c.,1,0.114,0.607,0.188,,,,
79,Acer,A. pseudoplatanus,dry,mix3,A.p.-F.s.-F.e.,2,0.111,0.735,0.152,,,,
80,Acer,A. pseudoplatanus,dry,mix3,A.p.-C.b.-T.c.,1,0.073,0.350,0.208,,,,
81,Acer,A. pseudoplatanus,dry,mix5,A.p.-C.b.-F.s.-F.e.-T.c.,1,0.154,0.698,0.220,,,,
82,Acer,A. pseudoplatanus,moist,mix3,A.p.-C.b.-F.e.,2,0.103,0.600,0.168,,,,
84,Acer,A. pseudoplatanus,dry,mix3,A.p.-C.b.-T.c.,1,0.101,0.599,0.169,,,,
87,Acer,A. pseudoplatanus,moist,mix5,A.p.-C.b.-F.s.-F.e.-T.c.,1,0.155,0.780,0.198,,,,
96,Acer,A. pseudoplatanus,moist,mix5,A.p.-C.b.-F.s.-F.e.-T.c.,1,0.077,0.746,0.104,,,,
97,Acer,A. pseudoplatanus,dry,mono,A.p.,5,0.100,0.529,0.184,,,,
103,Acer,A. pseudoplatanus,dry,mix5,A.p.-C.b.-F.s.-F.e.-T.c.,1,0.275,1.106,0.249,,,,
106,Acer,A. pseudoplatanus,dry,mix5,A.p.-C.b.-F.s.-F.e.-T.c.,1,0.160,0.656,0.244,,,,
107,Acer,A. pseudoplatanus,dry,mix3,A.p.-F.s.-F.e.,1,0.111,0.518,0.215,,,,
117,Acer,A. pseudoplatanus,dry,mono,A.p.,5,0.186,0.925,0.198,,,,
120,Acer,A. pseudoplatanus,moist,mix5,A.p.-C.b.-F.s.-F.e.-T.c.,1,0.275,1.369,0.201,,,,
121,Acer,A. pseudoplatanus,moist,mix5,A.p.-C.b.-F.s.-F.e.-T.c.,1,0.092,0.876,0.105,,,,
122,Acer,A. pseudoplatanus,moist,mix5,A.p.-C.b.-F.s.-F.e.-T.c.,1,0.125,0.612,0.204,,,,
124,Acer,A. pseudoplatanus,moist,mono,A.p.,5,0.186,0.856,0.210,,,,
129,Acer,A. pseudoplatanus,moist,mix3,A.p.-C.b.-F.e.,2,0.155,0.808,0.190,,,,
131,Acer,A. pseudoplatanus,dry,mono,A.p.,5,0.143,0.558,0.246,,,,
133,Acer,A. pseudoplatanus,dry,mix5,A.p.-C.b.-F.s.-F.e.-T.c.,1,0.105,0.618,0.170,,,,
136,Acer,A. pseudoplatanus,dry,mix3,A.p.-C.b.-F.e.,1,0.146,0.639,0.229,,,,
137,Acer,A. pseudoplatanus,dry,mix3,A.p.-C.b.-T.c.,1,0.480,1.352,0.355,,,,
138,Acer,A. pseudoplatanus,moist,mix3,A.p.-C.b.-F.e.,2,0.095,0.641,0.146,,,,
143,Acer,A. pseudoplatanus,dry,mix3,A.p.-C.b.-F.e.,2,0.135,0.658,0.196,,,,
144,Acer,A. pseudoplatanus,dry,mono,A.p.,5,0.101,0.453,0.229,,,,
146,Acer,A. pseudoplatanus,moist,mix3,A.p.-C.b.-T.c.,2,0.102,0.618,0.171,,,,
147,Acer,A. pseudoplatanus,moist,mix3,A.p.-C.b.-T.c.,1,0.207,1.277,0.162,,,,
149,Acer,A. pseudoplatanus,moist,mix3,A.p.-F.s.-F.e.,1,0.145,0.435,0.334,,,,
155,Acer,A. pseudoplatanus,dry,mix3,A.p.-F.s.-F.e.,2,0.154,0.525,0.282,,,,
156,Acer,A. pseudoplatanus,dry,mix3,A.p.-F.s.-F.e.,2,0.108,0.586,0.203,,,,
163,Acer,A. pseudoplatanus,moist,mix3,A.p.-C.b.-F.e.,2,0.172,0.759,0.227,,,,
168,Acer,A. pseudoplatanus,dry,mono,A.p.,5,0.131,0.592,0.219,,,,
169,Acer,A. pseudoplatanus,dry,mix5,A.p.-C.b.-F.s.-F.e.-T.c.,1,0.369,1.529,0.241,,,,
173,Acer,A. pseudoplatanus,moist,mix3,A.p.-F.s.-F.e.,2,0.300,0.985,0.279,,,,
174,Acer,A. pseudoplatanus,dry,mix3,A.p.-C.b.-F.e.,2,0.079,0.404,0.197,,,,
178,Acer,A. pseudoplatanus,moist,mix3,A.p.-F.s.-F.e.,1,0.109,0.719,0.152,,,,
179,Acer,A. pseudoplatanus,moist,mono,A.p.,5,0.128,0.643,0.199,,,,
187,Acer,A. pseudoplatanus,moist,mono,A.p.,5,0.108,0.499,0.264,,,,
190,Acer,A. pseudoplatanus,moist,mono,A.p.,5,0.298,1.232,0.246,,,,
193,Acer,A. pseudoplatanus,moist,mix3,A.p.-F.s.-F.e.,2,0.469,1.755,0.267,,,,
201,Acer,A. pseudoplatanus,dry,mix3,A.p.-C.b.-T.c.,2,0.361,1.448,0.255,,,,
203,Acer,A. pseudoplatanus,moist,mix3,A.p.-F.s.-F.e.,2,0.334,1.165,0.288,,,,
207,Acer,A. pseudoplatanus,moist,mix3,A.p.-F.s.-F.e.,1,0.257,0.973,0.264,,,,
209,Acer,A. pseudoplatanus,dry,mix3,A.p.-C.b.-T.c.,2,0.190,0.798,0.228,,,,
3,Carpinus,C. betulus,dry,mix3,A.p.-C.b.-F.e.,2,0.337,1.644,0.231,,,,
7,Carpinus,C. betulus,moist,mix3,A.p.-C.b.-F.e.,2,0.295,1.178,0.250,,,,
10,Carpinus,C. betulus,moist,mix3,A.p.-C.b.-T.c.,2,0.283,1.076,0.274,,,,
12,Carpinus,C. betulus,dry,mono,C.b.,5,0.334,1.102,0.301,,,,
14,Carpinus,C. betulus,moist,mix3,A.p.-C.b.-F.e.,2,0.487,1.906,0.261,,,,
18,Carpinus,C. betulus,dry,mono,C.b.,5,0.281,0.946,0.286,,,,
21,Carpinus,C. betulus,dry,mono,C.b.,5,0.325,1.140,0.290,,,,
22,Carpinus,C. betulus,dry,mix3,C.b.-F.s.-T.c.,1,0.551,1.975,0.279,,,,
35,Carpinus,C. betulus,moist,mix3,A.p.-C.b.-T.c.,2,0.410,1.311,0.311,,,,
36,Carpinus,C. betulus,moist,mono,C.b.,5,0.387,1.423,0.234,,,,
37,Carpinus,C. betulus,moist,mix5,A.p.-C.b.-F.s.-F.e.-T.c.,1,0.366,1.675,0.219,,,,
39,Carpinus,C. betulus,dry,mix3,A.p.-C.b.-F.e.,1,0.348,0.934,0.373,,,,
40,Carpinus,C. betulus,moist,mono,C.b.,5,0.363,1.271,0.284,,,,
44,Carpinus,C. betulus,moist,mix3,A.p.-C.b.-T.c.,1,0.282,1.158,0.243,,,,
47,Carpinus,C. betulus,moist,mix3,C.b.-F.s.-T.c.,2,0.398,1.396,0.277,,,,
50,Carpinus,C. betulus,dry,mix5,A.p.-C.b.-F.s.-F.e.-T.c.,1,0.489,1.545,0.316,,,,
51,Carpinus,C. betulus,dry,mix3,A.p.-C.b.-F.e.,2,0.431,1.464,0.298,,,,
52,Carpinus,C. betulus,dry,mix3,C.b.-F.s.-T.c.,2,0.254,0.855,0.291,,,,
55,Carpinus,C. betulus,moist,mono,C.b.,5,0.298,1.187,0.251,,,,
56,Carpinus,C. betulus,moist,mix3,A.p.-C.b.-T.c.,2,0.567,1.577,0.361,,,,
60,Carpinus,C. betulus,moist,mix3,A.p.-C.b.-F.e.,2,0.274,0.998,0.274,,,,
62,Carpinus,C. betulus,moist,mix3,C.b.-F.s.-T.c.,1,0.389,1.244,0.313,,,,
64,Carpinus,C. betulus,moist,mix5,A.p.-C.b.-F.s.-F.e.-T.c.,1,0.543,2.108,0.257,,,,
68,Carpinus,C. betulus,dry,mix5,A.p.-C.b.-F.s.-F.e.-T.c.,1,0.417,1.414,0.295,,,,
74,Carpinus,C. betulus,dry,mix3,A.p.-C.b.-T.c.,2,0.324,1.074,0.298,,,,
75,Carpinus,C. betulus,moist,mix3,A.p.-C.b.-T.c.,1,0.636,1.968,0.323,,,,
80,Carpinus,C. betulus,dry,mix3,A.p.-C.b.-T.c.,2,0.403,1.201,0.326,,,,
81,Carpinus,C. betulus,dry,mix5,A.p.-C.b.-F.s.-F.e.-T.c.,1,0.335,1.114,0.301,,,,
84,Carpinus,C. betulus,dry,mix3,A.p.-C.b.-T.c.,2,0.275,1.158,0.241,,,,
86,Carpinus,C. betulus,dry,mix3,C.b.-F.s.-T.c.,1,0.666,1.932,0.345,,,,
87,Carpinus,C. betulus,moist,mix5,A.p.-C.b.-F.s.-F.e.-T.c.,1,0.608,1.374,0.443,,,,
92,Carpinus,C. betulus,moist,mix3,C.b.-F.s.-T.c.,2,0.322,1.273,0.255,,,,
93,Carpinus,C. betulus,moist,mono,C.b.,5,0.227,0.972,0.213,,,,
94,Carpinus,C. betulus,moist,mono,C.b.,5,0.375,1.234,0.302,,,,
96,Carpinus,C. betulus,moist,mix5,A.p.-C.b.-F.s.-F.e.-T.c.,1,0.252,0.950,0.265,,,,
100,Carpinus,C. betulus,dry,mix3,C.b.-F.s.-T.c.,2,0.245,1.027,0.236,,,,
103,Carpinus,C. betulus,dry,mix5,A.p.-C.b.-F.s.-F.e.-T.c.,1,0.328,0.872,0.376,,,,
106,Carpinus,C. betulus,dry,mix5,A.p.-C.b.-F.s.-F.e.-T.c.,1,0.371,1.218,0.304,,,,
114,Carpinus,C. betulus,moist,mix3,C.b.-F.s.-T.c.,1,0.416,1.905,0.218,,,,
115,Carpinus,C. betulus,moist,mix3,C.b.-F.s.-T.c.,2,0.194,1.064,0.178,,,,
118,Carpinus,C. betulus,dry,mono,C.b.,5,0.315,0.974,0.310,,,,
120,Carpinus,C. betulus,moist,mix5,A.p.-C.b.-F.s.-F.e.-T.c.,1,0.309,1.916,0.161,,,,
121,Carpinus,C. betulus,moist,mix5,A.p.-C.b.-F.s.-F.e.-T.c.,1,0.206,1.016,0.203,,,,
122,Carpinus,C. betulus,moist,mix5,A.p.-C.b.-F.s.-F.e.-T.c.,1,0.510,2.113,0.241,,,,
126,Carpinus,C. betulus,moist,mix3,C.b.-F.s.-T.c.,1,0.319,1.001,0.319,,,,
129,Carpinus,C. betulus,moist,mix3,A.p.-C.b.-F.e.,1,0.157,0.967,0.162,,,,
133,Carpinus,C. betulus,dry,mix5,A.p.-C.b.-F.s.-F.e.-T.c.,1,0.268,1.163,0.231,,,,
134,Carpinus,C. betulus,dry,mono,C.b.,5,0.275,1.050,0.259,,,,
136,Carpinus,C. betulus,dry,mix3,A.p.-C.b.-F.e.,2,0.268,1.284,0.205,,,,
137,Carpinus,C. betulus,dry,mix3,A.p.-C.b.-T.c.,2,0.116,0.609,0.190,,,,
138,Carpinus,C. betulus,moist,mix3,A.p.-C.b.-F.e.,2,0.079,0.589,0.134,,,,
139,Carpinus,C. betulus,dry,mix3,C.b.-F.s.-T.c.,1,0.518,2.093,0.247,,,,
143,Carpinus,C. betulus,dry,mix3,A.p.-C.b.-F.e.,1,0.152,0.738,0.205,,,,
146,Carpinus,C. betulus,moist,mix3,A.p.-C.b.-T.c.,2,0.217,0.950,0.178,,,,
147,Carpinus,C. betulus,moist,mix3,A.p.-C.b.-T.c.,2,0.415,1.183,0.342,,,,
158,Carpinus,C. betulus,moist,mix3,C.b.-F.s.-T.c.,2,0.504,1.581,0.318,,,,
161,Carpinus,C. betulus,moist,mono,C.b.,5,0.324,1.662,0.195,,,,
163,Carpinus,C. betulus,moist,mix3,A.p.-C.b.-F.e.,2,0.135,0.659,0.191,,,,
169,Carpinus,C. betulus,dry,mix5,A.p.-C.b.-F.s.-F.e.-T.c.,1,0.373,0.922,0.404,,,,
170,Carpinus,C. betulus,dry,mono,C.b.,5,0.316,1.056,0.299,,,,
174,Carpinus,C. betulus,dry,mix3,A.p.-C.b.-F.e.,2,0.136,0.551,0.247,,,,
194,Carpinus,C. betulus,moist,mono,C.b.,5,0.324,1.197,0.268,,,,
195,Carpinus,C. betulus,dry,mix3,C.b.-F.s.-T.c.,2,0.252,NA,0.002,,,,
200,Carpinus,C. betulus,dry,mono,C.b.,5,0.300,1.279,0.238,,,,
201,Carpinus,C. betulus,dry,mix3,A.p.-C.b.-T.c.,1,0.305,1.358,0.224,,,,
209,Carpinus,C. betulus,dry,mix3,A.p.-C.b.-T.c.,1,0.292,1.171,0.249,,,,
4,Fagus,F. sylvatica,moist,mono,F.s.,5,0.118,0.831,0.129,,,,
8,Fagus,F. sylvatica,moist,mix3,A.p.-F.s.-F.e.,1,0.196,1.058,0.185,,,,
13,Fagus,F. sylvatica,dry,mix3,A.p.-F.s.-F.e.,1,0.207,0.929,0.223,,,,
20,Fagus,F. sylvatica,dry,mix3,F.s.-F.e.-T.c.,2,0.193,0.854,0.223,,,,
27,Fagus,F. sylvatica,dry,mix3,F.s.-F.e.-T.c.,2,0.216,0.863,0.249,,,,
28,Fagus,F. sylvatica,dry,mono,F.s.,5,0.176,1.095,0.149,,,,
31,Fagus,F. sylvatica,dry,mix3,A.p.-F.s.-F.e.,2,0.325,1.161,0.291,,,,
32,Fagus,F. sylvatica,dry,mono,F.s.,5,0.245,0.987,0.269,,,,
37,Fagus,F. sylvatica,moist,mix5,A.p.-C.b.-F.s.-F.e.-T.c.,1,0.157,1.306,0.120,,,,
47,Fagus,F. sylvatica,moist,mix3,C.b.-F.s.-T.c.,2,0.229,1.024,0.223,,,,
50,Fagus,F. sylvatica,dry,mix5,A.p.-C.b.-F.s.-F.e.-T.c.,1,0.266,1.459,0.182,,,,
52,Fagus,F. sylvatica,dry,mix3,C.b.-F.s.-T.c.,2,0.215,0.937,0.229,,,,
58,Fagus,F. sylvatica,dry,mix3,F.s.-F.e.-T.c.,1,0.217,0.829,0.262,,,,
62,Fagus,F. sylvatica,moist,mix3,C.b.-F.s.-T.c.,2,0.147,0.783,0.190,,,,
64,Fagus,F. sylvatica,moist,mix5,A.p.-C.b.-F.s.-F.e.-T.c.,1,0.139,0.810,0.172,,,,
67,Fagus,F. sylvatica,moist,mono,F.s.,5,0.323,1.409,0.219,,,,
68,Fagus,F. sylvatica,dry,mix5,A.p.-C.b.-F.s.-F.e.-T.c.,1,0.268,1.119,0.239,,,,
72,Fagus,F. sylvatica,dry,mono,F.s.,5,0.280,1.129,0.235,,,,
73,Fagus,F. sylvatica,dry,mix3,F.s.-F.e.-T.c.,2,0.158,0.739,0.218,,,,
77,Fagus,F. sylvatica,moist,mix5,A.p.-C.b.-F.s.-F.e.-T.c.,1,0.145,1.219,0.119,,,,
79,Fagus,F. sylvatica,dry,mix3,A.p.-F.s.-F.e.,2,0.205,0.650,0.314,,,,
81,Fagus,F. sylvatica,dry,mix5,A.p.-C.b.-F.s.-F.e.-T.c.,1,0.121,1.129,0.107,,,,
85,Fagus,F. sylvatica,moist,mono,F.s.,5,0.330,1.227,0.280,,,,
86,Fagus,F. sylvatica,dry,mix3,C.b.-F.s.-T.c.,2,0.166,0.774,0.212,,,,
87,Fagus,F. sylvatica,moist,mix5,A.p.-C.b.-F.s.-F.e.-T.c.,1,0.152,0.674,0.225,,,,
92,Fagus,F. sylvatica,moist,mix3,C.b.-F.s.-T.c.,1,0.195,0.836,0.233,,,,
96,Fagus,F. sylvatica,moist,mix5,A.p.-C.b.-F.s.-F.e.-T.c.,1,0.166,0.647,0.257,,,,
100,Fagus,F. sylvatica,dry,mix3,C.b.-F.s.-T.c.,1,0.216,0.897,0.240,,,,
103,Fagus,F. sylvatica,dry,mix5,A.p.-C.b.-F.s.-F.e.-T.c.,1,0.139,0.705,0.197,,,,
106,Fagus,F. sylvatica,dry,mix5,A.p.-C.b.-F.s.-F.e.-T.c.,1,0.191,0.913,0.210,,,,
107,Fagus,F. sylvatica,dry,mix3,A.p.-F.s.-F.e.,2,0.168,0.744,0.217,,,,
109,Fagus,F. sylvatica,moist,mix3,F.s.-F.e.-T.c.,1,0.084,0.511,0.164,,,,
114,Fagus,F. sylvatica,moist,mix3,C.b.-F.s.-T.c.,2,0.252,1.302,0.194,,,,
115,Fagus,F. sylvatica,moist,mix3,C.b.-F.s.-T.c.,1,0.222,0.897,0.248,,,,
120,Fagus,F. sylvatica,moist,mix5,A.p.-C.b.-F.s.-F.e.-T.c.,1,0.382,1.620,0.236,,,,
121,Fagus,F. sylvatica,moist,mix5,A.p.-C.b.-F.s.-F.e.-T.c.,1,0.244,1.103,0.221,,,,
122,Fagus,F. sylvatica,moist,mix5,A.p.-C.b.-F.s.-F.e.-T.c.,1,0.281,1.590,0.177,,,,
123,Fagus,F. sylvatica,moist,mono,F.s.,5,0.325,1.674,0.194,,,,
126,Fagus,F. sylvatica,moist,mix3,C.b.-F.s.-T.c.,2,0.234,0.868,0.270,,,,
128,Fagus,F. sylvatica,moist,mix3,F.s.-F.e.-T.c.,2,0.132,0.656,0.197,,,,
132,Fagus,F. sylvatica,moist,mix3,F.s.-F.e.-T.c.,2,0.138,0.869,0.152,,,,
133,Fagus,F. sylvatica,dry,mix5,A.p.-C.b.-F.s.-F.e.-T.c.,1,0.165,0.687,0.240,,,,
135,Fagus,F. sylvatica,dry,mix3,F.s.-F.e.-T.c.,1,0.101,0.602,0.168,,,,
139,Fagus,F. sylvatica,dry,mix3,C.b.-F.s.-T.c.,2,0.199,0.977,0.204,,,,
142,Fagus,F. sylvatica,dry,mono,F.s.,5,0.197,0.936,0.197,,,,
148,Fagus,F. sylvatica,dry,mono,F.s.,5,0.146,0.900,0.154,,,,
149,Fagus,F. sylvatica,moist,mix3,A.p.-F.s.-F.e.,2,0.305,1.101,0.277,,,,
150,Fagus,F. sylvatica,moist,mix3,F.s.-F.e.-T.c.,2,0.142,0.766,0.187,,,,
155,Fagus,F. sylvatica,dry,mix3,A.p.-F.s.-F.e.,1,0.107,0.465,0.230,,,,
156,Fagus,F. sylvatica,dry,mix3,A.p.-F.s.-F.e.,2,0.206,0.793,0.258,,,,
158,Fagus,F. sylvatica,moist,mix3,C.b.-F.s.-T.c.,2,0.149,0.736,0.197,,,,
162,Fagus,F. sylvatica,moist,mono,F.s.,5,0.241,1.080,0.218,,,,
169,Fagus,F. sylvatica,dry,mix5,A.p.-C.b.-F.s.-F.e.-T.c.,1,0.196,0.885,0.221,,,,
173,Fagus,F. sylvatica,moist,mix3,A.p.-F.s.-F.e.,2,0.208,1.073,0.201,,,,
176,Fagus,F. sylvatica,dry,mono,F.s.,5,0.253,1.100,0.225,,,,
178,Fagus,F. sylvatica,moist,mix3,A.p.-F.s.-F.e.,2,0.222,1.099,0.196,,,,
185,Fagus,F. sylvatica,moist,mono,F.s.,5,0.325,1.324,0.242,,,,
188,Fagus,F. sylvatica,moist,mix3,F.s.-F.e.-T.c.,2,0.240,0.981,0.254,,,,
189,Fagus,F. sylvatica,moist,mono,F.s.,5,0.310,1.183,0.256,,,,
193,Fagus,F. sylvatica,moist,mix3,A.p.-F.s.-F.e.,1,0.177,0.836,0.212,,,,
195,Fagus,F. sylvatica,dry,mix3,C.b.-F.s.-T.c.,1,0.307,NA,0.006,,,,
196,Fagus,F. sylvatica,moist,mix3,F.s.-F.e.-T.c.,1,0.247,1.225,0.008,,,,
202,Fagus,F. sylvatica,dry,mono,F.s.,5,0.191,0.828,0.220,,,,
203,Fagus,F. sylvatica,moist,mix3,A.p.-F.s.-F.e.,2,0.200,1.100,0.179,,,,
206,Fagus,F. sylvatica,dry,mix3,F.s.-F.e.-T.c.,2,0.252,0.939,0.271,,,,
207,Fagus,F. sylvatica,moist,mix3,A.p.-F.s.-F.e.,2,0.103,0.581,0.178,,,,
2,Fraxinus,F. excelsior,dry,mono,F.e.,5,0.281,1.253,0.209,,,,
3,Fraxinus,F. excelsior,dry,mix3,A.p.-C.b.-F.e.,1,0.342,1.525,0.224,,,,
5,Fraxinus,F. excelsior,dry,mono,F.e.,5,0.254,1.013,0.251,,,,
7,Fraxinus,F. excelsior,moist,mix3,A.p.-C.b.-F.e.,1,0.623,2.294,0.272,,,,
8,Fraxinus,F. excelsior,moist,mix3,A.p.-F.s.-F.e.,2,0.322,1.805,0.181,,,,
13,Fraxinus,F. excelsior,dry,mix3,A.p.-F.s.-F.e.,2,0.343,1.138,0.298,,,,
14,Fraxinus,F. excelsior,moist,mix3,A.p.-C.b.-F.e.,2,0.235,1.466,0.159,,,,
20,Fraxinus,F. excelsior,dry,mix3,F.s.-F.e.-T.c.,2,0.218,1.000,0.216,,,,
26,Fraxinus,F. excelsior,moist,mono,F.e.,5,0.265,0.955,0.259,,,,
27,Fraxinus,F. excelsior,dry,mix3,F.s.-F.e.-T.c.,1,0.045,0.608,0.074,,,,
31,Fraxinus,F. excelsior,dry,mix3,A.p.-F.s.-F.e.,2,0.322,1.264,0.238,,,,
37,Fraxinus,F. excelsior,moist,mix5,A.p.-C.b.-F.s.-F.e.-T.c.,1,0.254,1.249,0.204,,,,
38,Fraxinus,F. excelsior,moist,mono,F.e.,5,0.334,1.654,0.200,,,,
39,Fraxinus,F. excelsior,dry,mix3,A.p.-C.b.-F.e.,2,0.278,1.015,0.269,,,,
41,Fraxinus,F. excelsior,dry,mono,F.e.,5,0.211,0.838,0.249,,,,
50,Fraxinus,F. excelsior,dry,mix5,A.p.-C.b.-F.s.-F.e.-T.c.,1,0.121,0.766,0.158,,,,
51,Fraxinus,F. excelsior,dry,mix3,A.p.-C.b.-F.e.,2,0.237,1.125,0.208,,,,
54,Fraxinus,F. excelsior,dry,mono,F.e.,5,0.249,1.266,0.204,,,,
58,Fraxinus,F. excelsior,dry,mix3,F.s.-F.e.-T.c.,2,0.319,1.139,0.272,,,,
60,Fraxinus,F. excelsior,moist,mix3,A.p.-C.b.-F.e.,2,0.614,3.033,0.198,,,,
64,Fraxinus,F. excelsior,moist,mix5,A.p.-C.b.-F.s.-F.e.-T.c.,1,0.352,1.790,0.197,,,,
66,Fraxinus,F. excelsior,moist,mono,F.e.,5,0.240,1.075,0.216,,,,
68,Fraxinus,F. excelsior,dry,mix5,A.p.-C.b.-F.s.-F.e.-T.c.,1,0.292,1.491,0.196,,,,
73,Fraxinus,F. excelsior,dry,mix3,F.s.-F.e.-T.c.,2,0.207,1.135,0.182,,,,
77,Fraxinus,F. excelsior,moist,mix5,A.p.-C.b.-F.s.-F.e.-T.c.,1,0.208,1.677,0.124,,,,
79,Fraxinus,F. excelsior,dry,mix3,A.p.-F.s.-F.e.,1,0.247,1.297,0.191,,,,
81,Fraxinus,F. excelsior,dry,mix5,A.p.-C.b.-F.s.-F.e.-T.c.,1,0.259,1.355,0.191,,,,
82,Fraxinus,F. excelsior,moist,mix3,A.p.-C.b.-F.e.,2,0.451,1.744,0.256,,,,
87,Fraxinus,F. excelsior,moist,mix5,A.p.-C.b.-F.s.-F.e.-T.c.,1,0.151,0.685,0.221,,,,
95,Fraxinus,F. excelsior,moist,mono,F.e.,3,0.544,1.533,0.358,,,,
96,Fraxinus,F. excelsior,moist,mix5,A.p.-C.b.-F.s.-F.e.-T.c.,1,0.467,2.041,0.229,,,,
103,Fraxinus,F. excelsior,dry,mix5,A.p.-C.b.-F.s.-F.e.-T.c.,1,0.445,1.311,0.339,,,,
104,Fraxinus,F. excelsior,dry,mono,F.e.,5,0.238,1.169,0.203,,,,
106,Fraxinus,F. excelsior,dry,mix5,A.p.-C.b.-F.s.-F.e.-T.c.,1,0.195,0.634,0.307,,,,
107,Fraxinus,F. excelsior,dry,mix3,A.p.-F.s.-F.e.,2,0.420,1.380,0.304,,,,
108,Fraxinus,F. excelsior,dry,mono,F.e.,5,0.278,0.975,0.301,,,,
109,Fraxinus,F. excelsior,moist,mix3,F.s.-F.e.-T.c.,2,0.308,1.016,0.302,,,,
111,Fraxinus,F. excelsior,moist,mono,F.e.,5,0.319,0.979,0.322,,,,
120,Fraxinus,F. excelsior,moist,mix5,A.p.-C.b.-F.s.-F.e.-T.c.,1,0.120,0.849,0.141,,,,
121,Fraxinus,F. excelsior,moist,mix5,A.p.-C.b.-F.s.-F.e.-T.c.,1,0.325,2.116,0.154,,,,
128,Fraxinus,F. excelsior,moist,mix3,F.s.-F.e.-T.c.,2,0.485,1.904,0.265,,,,
129,Fraxinus,F. excelsior,moist,mix3,A.p.-C.b.-F.e.,2,0.597,2.181,0.291,,,,
132,Fraxinus,F. excelsior,moist,mix3,F.s.-F.e.-T.c.,2,0.402,1.411,0.284,,,,
133,Fraxinus,F. excelsior,dry,mix5,A.p.-C.b.-F.s.-F.e.-T.c.,1,0.300,2.416,0.124,,,,
135,Fraxinus,F. excelsior,dry,mix3,F.s.-F.e.-T.c.,2,0.248,1.101,0.234,,,,
136,Fraxinus,F. excelsior,dry,mix3,A.p.-C.b.-F.e.,2,0.408,1.336,0.303,,,,
138,Fraxinus,F. excelsior,moist,mix3,A.p.-C.b.-F.e.,1,0.994,2.536,0.392,,,,
143,Fraxinus,F. excelsior,dry,mix3,A.p.-C.b.-F.e.,2,0.273,1.450,0.169,,,,
149,Fraxinus,F. excelsior,moist,mix3,A.p.-F.s.-F.e.,2,0.348,1.839,0.186,,,,
150,Fraxinus,F. excelsior,moist,mix3,F.s.-F.e.-T.c.,1,0.458,2.449,0.187,,,,
153,Fraxinus,F. excelsior,moist,mix3,F.s.-F.e.-T.c.,2,0.355,1.569,0.226,,,,
155,Fraxinus,F. excelsior,dry,mix3,A.p.-F.s.-F.e.,2,0.300,1.546,0.208,,,,
156,Fraxinus,F. excelsior,dry,mix3,A.p.-F.s.-F.e.,1,0.547,1.153,0.474,,,,
157,Fraxinus,F. excelsior,moist,mono,F.e.,5,0.282,1.577,0.181,,,,
163,Fraxinus,F. excelsior,moist,mix3,A.p.-C.b.-F.e.,1,0.913,4.196,0.218,,,,
169,Fraxinus,F. excelsior,dry,mix5,A.p.-C.b.-F.s.-F.e.-T.c.,1,0.428,1.428,0.300,,,,
173,Fraxinus,F. excelsior,moist,mix3,A.p.-F.s.-F.e.,1,0.107,1.201,0.089,,,,
174,Fraxinus,F. excelsior,dry,mix3,A.p.-C.b.-F.e.,1,0.911,2.487,0.366,,,,
178,Fraxinus,F. excelsior,moist,mix3,A.p.-F.s.-F.e.,2,0.460,1.786,0.262,,,,
183,Fraxinus,F. excelsior,moist,mono,F.e.,5,0.412,1.848,0.223,,,,
186,Fraxinus,F. excelsior,dry,mono,F.e.,5,0.270,1.703,0.170,,,,
188,Fraxinus,F. excelsior,moist,mix3,F.s.-F.e.-T.c.,1,0.256,1.494,0.172,,,,
193,Fraxinus,F. excelsior,moist,mix3,A.p.-F.s.-F.e.,2,0.341,1.597,0.207,,,,
196,Fraxinus,F. excelsior,moist,mix3,F.s.-F.e.-T.c.,2,0.296,1.406,0.009,,,,
203,Fraxinus,F. excelsior,moist,mix3,A.p.-F.s.-F.e.,1,0.551,4.035,0.136,,,,
206,Fraxinus,F. excelsior,dry,mix3,F.s.-F.e.-T.c.,1,0.339,1.444,0.235,,,,
207,Fraxinus,F. excelsior,moist,mix3,A.p.-F.s.-F.e.,2,0.224,0.962,0.227,,,,
10,Tilia,T. cordata,moist,mix3,A.p.-C.b.-T.c.,2,0.591,2.902,0.206,,,,
15,Tilia,T. cordata,dry,mono,T.c.,5,0.379,1.623,0.223,,,,
16,Tilia,T. cordata,dry,mono,T.c.,5,0.363,1.701,0.234,,,,
20,Tilia,T. cordata,dry,mix3,F.s.-F.e.-T.c.,1,0.713,2.133,0.334,,,,
25,Tilia,T. cordata,dry,mono,T.c.,5,0.332,1.548,0.230,,,,
27,Tilia,T. cordata,dry,mix3,F.s.-F.e.-T.c.,2,0.446,2.259,0.178,,,,
35,Tilia,T. cordata,moist,mix3,A.p.-C.b.-T.c.,1,0.398,1.481,0.269,,,,
37,Tilia,T. cordata,moist,mix5,A.p.-C.b.-F.s.-F.e.-T.c.,1,0.825,3.851,0.214,,,,
43,Tilia,T. cordata,dry,mono,T.c.,5,0.380,1.608,0.242,,,,
44,Tilia,T. cordata,moist,mix3,A.p.-C.b.-T.c.,2,0.425,2.670,0.160,,,,
47,Tilia,T. cordata,moist,mix3,C.b.-F.s.-T.c.,1,0.777,3.442,0.226,,,,
48,Tilia,T. cordata,dry,mono,T.c.,5,0.339,1.518,0.212,,,,
50,Tilia,T. cordata,dry,mix5,A.p.-C.b.-F.s.-F.e.-T.c.,1,0.468,2.091,0.224,,,,
52,Tilia,T. cordata,dry,mix3,C.b.-F.s.-T.c.,1,0.679,2.660,0.255,,,,
56,Tilia,T. cordata,moist,mix3,A.p.-C.b.-T.c.,1,0.818,1.950,0.420,,,,
57,Tilia,T. cordata,moist,mono,T.c.,5,0.264,2.194,0.176,,,,
58,Tilia,T. cordata,dry,mix3,F.s.-F.e.-T.c.,2,0.342,1.239,0.282,,,,
59,Tilia,T. cordata,dry,mono,T.c.,5,0.391,2.040,0.194,,,,
62,Tilia,T. cordata,moist,mix3,C.b.-F.s.-T.c.,2,0.412,1.851,0.222,,,,
64,Tilia,T. cordata,moist,mix5,A.p.-C.b.-F.s.-F.e.-T.c.,1,0.671,2.979,0.225,,,,
68,Tilia,T. cordata,dry,mix5,A.p.-C.b.-F.s.-F.e.-T.c.,1,0.392,1.940,0.202,,,,
71,Tilia,T. cordata,moist,mono,T.c.,5,0.337,1.999,0.174,,,,
73,Tilia,T. cordata,dry,mix3,F.s.-F.e.-T.c.,1,0.852,3.258,0.261,,,,
74,Tilia,T. cordata,dry,mix3,A.p.-C.b.-T.c.,1,0.543,2.118,0.257,,,,
75,Tilia,T. cordata,moist,mix3,A.p.-C.b.-T.c.,2,0.311,1.932,0.163,,,,
77,Tilia,T. cordata,moist,mix5,A.p.-C.b.-F.s.-F.e.-T.c.,1,0.644,2.231,0.289,,,,
80,Tilia,T. cordata,dry,mix3,A.p.-C.b.-T.c.,2,0.419,1.537,0.272,,,,
81,Tilia,T. cordata,dry,mix5,A.p.-C.b.-F.s.-F.e.-T.c.,1,0.368,1.473,0.250,,,,
84,Tilia,T. cordata,dry,mix3,A.p.-C.b.-T.c.,1,0.578,2.045,0.283,,,,
86,Tilia,T. cordata,dry,mix3,C.b.-F.s.-T.c.,2,0.335,1.468,0.231,,,,
87,Tilia,T. cordata,moist,mix5,A.p.-C.b.-F.s.-F.e.-T.c.,1,0.514,2.728,0.188,,,,
90,Tilia,T. cordata,moist,mono,T.c.,5,0.362,1.778,0.191,,,,
92,Tilia,T. cordata,moist,mix3,C.b.-F.s.-T.c.,2,0.461,2.091,0.223,,,,
96,Tilia,T. cordata,moist,mix5,A.p.-C.b.-F.s.-F.e.-T.c.,1,0.456,1.620,0.281,,,,
100,Tilia,T. cordata,dry,mix3,C.b.-F.s.-T.c.,2,0.492,1.802,0.264,,,,
103,Tilia,T. cordata,dry,mix5,A.p.-C.b.-F.s.-F.e.-T.c.,1,0.292,1.441,0.203,,,,
106,Tilia,T. cordata,dry,mix5,A.p.-C.b.-F.s.-F.e.-T.c.,1,0.481,2.426,0.198,,,,
109,Tilia,T. cordata,moist,mix3,F.s.-F.e.-T.c.,2,0.524,3.192,0.164,,,,
114,Tilia,T. cordata,moist,mix3,C.b.-F.s.-T.c.,2,0.497,2.095,0.242,,,,
115,Tilia,T. cordata,moist,mix3,C.b.-F.s.-T.c.,2,0.686,2.657,0.254,,,,
120,Tilia,T. cordata,moist,mix5,A.p.-C.b.-F.s.-F.e.-T.c.,1,0.611,2.641,0.231,,,,
121,Tilia,T. cordata,moist,mix5,A.p.-C.b.-F.s.-F.e.-T.c.,1,0.606,3.315,0.183,,,,
122,Tilia,T. cordata,moist,mix5,A.p.-C.b.-F.s.-F.e.-T.c.,1,0.540,2.791,0.193,,,,
126,Tilia,T. cordata,moist,mix3,C.b.-F.s.-T.c.,2,0.669,2.446,0.290,,,,
128,Tilia,T. cordata,moist,mix3,F.s.-F.e.-T.c.,1,0.723,3.238,0.223,,,,
132,Tilia,T. cordata,moist,mix3,F.s.-F.e.-T.c.,1,1.087,5.184,0.210,,,,
133,Tilia,T. cordata,dry,mix5,A.p.-C.b.-F.s.-F.e.-T.c.,1,0.624,1.963,0.318,,,,
135,Tilia,T. cordata,dry,mix3,F.s.-F.e.-T.c.,2,0.553,2.100,0.270,,,,
137,Tilia,T. cordata,dry,mix3,A.p.-C.b.-T.c.,2,0.390,2.095,0.189,,,,
139,Tilia,T. cordata,dry,mix3,C.b.-F.s.-T.c.,2,0.328,1.814,0.196,,,,
146,Tilia,T. cordata,moist,mix3,A.p.-C.b.-T.c.,1,0.453,1.903,0.238,,,,
147,Tilia,T. cordata,moist,mix3,A.p.-C.b.-T.c.,2,0.477,2.514,0.183,,,,
150,Tilia,T. cordata,moist,mix3,F.s.-F.e.-T.c.,2,0.492,2.267,0.217,,,,
151,Tilia,T. cordata,moist,mono,T.c.,5,0.403,1.870,0.185,,,,
153,Tilia,T. cordata,moist,mix3,F.s.-F.e.-T.c.,2,0.483,2.365,0.206,,,,
158,Tilia,T. cordata,moist,mix3,C.b.-F.s.-T.c.,1,0.817,3.828,0.213,,,,
159,Tilia,T. cordata,moist,mono,T.c.,5,0.363,1.748,0.195,,,,
164,Tilia,T. cordata,moist,mono,T.c.,5,0.303,2.159,0.121,,,,
169,Tilia,T. cordata,dry,mix5,A.p.-C.b.-F.s.-F.e.-T.c.,1,0.274,1.356,0.202,,,,
171,Tilia,T. cordata,dry,mono,T.c.,5,0.390,1.696,0.224,,,,
188,Tilia,T. cordata,moist,mix3,F.s.-F.e.-T.c.,2,0.654,2.528,0.259,,,,
195,Tilia,T. cordata,dry,mix3,C.b.-F.s.-T.c.,2,0.374,NA,0.004,,,,
196,Tilia,T. cordata,moist,mix3,F.s.-F.e.-T.c.,2,0.324,1.667,0.004,,,,
198,Tilia,T. cordata,moist,mono,T.c.,5,0.345,2.109,0.162,,,,
201,Tilia,T. cordata,dry,mix3,A.p.-C.b.-T.c.,2,0.241,1.158,0.193,,,,
206,Tilia,T. cordata,dry,mix3,F.s.-F.e.-T.c.,2,0.239,1.537,0.116,,,,
209,Tilia,T. cordata,dry,mix3,A.p.-C.b.-T.c.,2,0.119,0.660,0.180,,,,
